Ábelová,985 13,33
Abovce,980 44,53
Abrahám,925 45,16
Abrahámovce,059 72,21
Abrahámovce,086 41,4
Abramová,038 22,71
Abranovce,082 52,49
Adamovské Kochanovce,913 05,69
Adidovce,067 32,19
Albínov,078 01,68
Alekšince,951 22,40
Alexandrov Dvor,951 34,40
Alžbetin Dvor,900 42,57
Amadeho Kračany,930 03,15
Aňala,946 51,22
Aňalské Záhrady,946 51,22
Andač,951 42,40
Andice,031 01,32
Andovce,941 23,42
Andrejová,086 37,4
Andrejovka,065 43,63
Arad,943 42,42
Ardanovce,956 06,67
Ardovo,049 55,54
Arma,935 41,30
Arnutovce,053 13,62
Báb,951 34,40
Babie,094 31,74
Babín,029 52,39
Babin Potok,082 67,49
Babiná,962 61,76
Babindol,951 53,40
Babinec,980 26,53
Babiše,013 54,11
Babkov,013 11,79
Babulicov Vrch,916 13,38
Bacúch,976 64,10
Bacúrov,962 61,76
Báč,930 30,15
Bačala,951 15,40
Bačka,076 84,68
Bačkov,076 61,68
Bačkovík,044 45,27
Báčovce,962 68,28
Baďan,969 01,3
Bádice,951 46,40
Badín,976 32,2
Báhoň,900 84,44
Bajany,072 54,37
Bajč,946 54,22
Bajerov,082 41,49
Bajerovce,082 73,56
Bajka,935 51,30
Bajtava,943 65,42
Baka,930 04,15
Bakta,979 01,53
Baláže,976 11,2
Baldovce,053 04,31
Balog nad Ipľom,991 11,73
Baloň,930 08,15
Balvany,946 01,22
Baňa,091 01,64
Baňa Lucia,044 25,27
Banka,921 01,45
Banky,969 01,3
Banky,972 25,50
Bánov,941 01,42
Bánová,010 04,79
Bánovce nad Bebravou,,1
Bánovce nad Ondavou,072 04,37
Banská,972 48,50
Banská Belá,966 15,3
Banská Bystrica,,2
Banská Hodruša,966 63,77
Banská Štiavnica,,3
Banské,094 12,74
Banský Studenec,969 01,3
Bara,076 32,68
Barca,982 51,53
Bardejov,085 01,4
Bardejovská Nová Ves,085 01,4
Bardejovská Zábava,085 01,4
Bardejovské Kúpele,086 31,4
Bardoňovo,941 49,42
Bartošova Lehôtka,967 01,78
Bartošovce,086 42,4
Baška,040 16,27
Baškovce,067 23,19
Baškovce,073 01,61
Bašovce,922 01,45
Baštín,956 18,43
Batizovce,059 35,47
Bátka,980 21,53
Bátorová,991 26,73
Bátorove Kosihy,946 34,22
Bátovce,935 03,30
Beckov,916 38,41
Beckovská Vieska,916 31,41
Bečov,974 01,2
Beharovce,053 05,31
Behynce,956 07,67
Behynce,982 01,52
Becherov,086 35,4
Beketfa,930 34,15
Belá,013 05,79
Belá,943 53,42
Belá - Dulice,038 11,35
Belá nad Cirochou,067 81,60
Beladice,951 75,75
Belejov,018 03,48
Belejovce,089 01,65
Belek,941 48,42
Belín,980 01,53
Belina,986 01,33
Belince,956 12,67
Bellova Ves,930 52,15
Beloveža,086 14,4
Beluj,969 01,3
Beluša,018 61,51
Belža,044 58,27
Beňadiková,032 04,32
Beňadikovce,090 42,65
Beňadovo,029 63,39
Beňatina,072 64,61
Beniakovce,044 42,27
Benice,031 01,32
Benice,038 42,35
Benkova Potôň,930 36,15
Benkovce,094 02,74
Beňov,014 01,11
Beňova Lehota,026 01,14
Beňuš,976 64,10
Beňušovce,031 01,32
Bernátovce,044 13,27
Bernolákovo,900 27,57
Bertotovce,082 35,49
Besné,018 02,48
Beša,076 72,37
Beša,935 36,30
Bešeňov,941 41,42
Bešeňová,034 83,55
Betlanovce,053 15,62
Betlenovce,071 01,37
Betliar,049 21,54
Bezdedov - Vieska,020 01,51
Bežovce,072 53,61
Bidovce,044 45,27
Biel,076 41,68
Biela,027 05,14
Biela Voda,972 29,50
Biele Vody,053 76,62
Biele Vody,976 53,10
Bielovce,935 74,30
Biely Kostol,919 34,70
Biely Potok,034 03,55
Bijacovce,053 06,31
Bílkove Humence,908 77,58
Bíňa,943 56,42
Bindt,053 32,62
Bíňovce,919 07,70
Biskupice,911 01,69
Biskupice,957 01,1
Biskupice,986 01,33
Biskupová,956 07,67
Bitarová,010 04,79
Blahová,930 52,15
Blatná na Ostrove,930 32,15
Blatná Polianka,072 44,61
Blatné,900 82,57
Blatné Remety,072 44,61
Blatné Revištia,072 43,61
Blatnica,038 15,35
Blažice,044 16,27
Blažkov,023 02,12
Blažková,023 11,12
Blažovce,038 44,71
Blesovce,956 01,67
Blhovce,980 32,53
Bobot,913 25,69
Bobotská Lehota,913 25,69
Bobrov,029 42,39
Bobrovček,032 21,32
Bobrovec,032 21,32
Bobrovník,032 23,32
Bočiar,044 57,27
Bodice,031 01,32
Bodíky,930 31,15
Bodiná,018 15,48
Bodok,956 08,67
Bodorová,038 45,71
Bodov,903 01,57
Bodovce,082 66,56
Bodovka - Krivosúd,913 11,69
Bodružal,090 05,65
Bodza,946 16,22
Bodzianske Lúky,946 14,22
Bogliarka,086 04,4
Bohatá,947 03,22
Bohdanovce,044 16,27
Bohdanovce nad Trnavou,919 09,70
Boheľov,929 01,15
Bohunice,018 52,20
Bohunice,919 30,70
Bohunice,935 05,30
Bohúňovo,049 12,54
Bojná,956 01,67
Bojnice,972 01,50
Bojnice - kúpele,972 01,50
Bojničky,920 55,18
Bokroš,946 39,22
Bokša,091 01,64
Boľ,076 53,68
Boldog,925 26,57
Boleráz,919 08,70
Bolešov,018 53,20
Boliarov,044 47,27
Boľkovce,984 01,33
Borcová,038 44,71
Borčany,956 36,1
Borčice,018 53,20
Borda,044 45,27
Borinka,900 32,34
Borov,068 01,36
Borová,919 61,70
Borovce,922 09,45
Borský Mikuláš,908 77,58
Borský Peter,908 77,58
Borský Svätý Jur,908 79,58
Borša,076 32,68
Bory,935 87,30
Bošáca,913 07,41
Bošany,956 18,43
Bošianska Neporadza,913 26,69
Boťany,076 43,68
Bottovo,980 41,53
Božčice,076 62,68
Bôrka,049 42,54
Bracovce,072 05,37
Brádno,982 67,53
Branč,951 13,40
Branovo,941 31,42
Bratislava,,5
Bratislava - Čunovo,851 10,9
Bratislava - Devín,841 10,8
Bratislava - Devínska Nová Ves,,8
Bratislava - Dúbravka,,8
Bratislava - Jarovce,851 10,9
Bratislava - Karlova Ves,,8
Bratislava - Lamač,841 03,8
Bratislava - Nové Mesto,,7
Bratislava - Petržalka,,9
Bratislava - Podunajské Biskupice,821 06,6
Bratislava - Rača,,7
Bratislava - Rusovce,851 10,9
Bratislava - Ružinov,,6
Bratislava - Staré Mesto,,5
Bratislava - Vajnory,831 07,7
Bratislava - Vrakuňa,821 07,6
Bratislava - Záhorská Bystrica,841 06,8
Bratkovica,962 05,13
Braväcovo,976 64,10
Brdárka,049 34,54
Brehov,076 05,68
Brehy,968 01,77
Brekov,066 01,19
Brestina,985 53,33
Brestov,066 01,19
Brestov,082 05,49
Brestov nad Laborcom,067 01,36
Brestovany,919 27,70
Brestové,916 42,41
Brestovec,907 01,38
Brestovec,946 17,22
Bretejovce,082 03,49
Bretka,980 46,54
Breza,029 53,39
Brezany,010 04,79
Brezany,972 12,50
Brezina,076 12,68
Breziny,962 61,76
Breznica,091 01,64
Breznička,091 01,64
Breznička,985 02,46
Brezno,,10
Brezolupy,957 01,1
Brezov,087 01,4
Brezová pod Bradlom,906 13,38
Brezovec,067 73,60
Brezovica,028 01,72
Brezovica,082 74,56
Brezovička,082 74,56
Brezovka,086 11,4
Brežany,082 41,49
Brhlovce,935 02,30
Briestenné,018 22,48
Brieštie,038 22,71
Brišovka,029 57,39
Brnice,032 23,32
Brodno,010 14,79
Brodské,908 85,59
Brodzany,958 42,43
Bršlica,013 54,11
Bruchačka,976 51,10
Brunovce,916 25,41
Brusnica,090 31,64
Brusník,982 65,52
Brusník,991 01,73
Brusno,972 32,50
Brusno,976 62,2
Brusno - kúpele,976 62,2
Brutovce,053 73,31
Bruty,943 55,42
Brvnište,018 12,48
Brzotín,049 51,54
Buclovany,086 43,4
Búč,946 35,22
Bučany,919 28,70
Bučina,029 57,39
Bučkovec,916 42,41
Bučuháza,931 01,15
Budatín,010 03,79
Budatínska Lehota,023 36,29
Budča,962 33,76
Budička,962 34,76
Budikovany,980 23,53
Budimír,044 43,27
Budiná,985 12,33
Budince,076 77,37
Budiš,038 23,71
Budkovce,072 15,37
Budmerice,900 86,44
Budulov,045 01,27
Budzín,082 71,56
Buglovce,053 04,31
Bujakovo,977 01,10
Buková,013 61,11
Buková,919 10,70
Bukovce,090 22,64
Bukovec,044 20,27
Bukovec,906 14,38
Bukovec,991 02,73
Bukovina,032 23,32
Bukovina,966 01,78
Bukovina,968 01,77
Bukovinka,053 14,31
Bukovinka,985 51,13
Bulhary,986 01,33
Bunde,082 33,49
Bunetice,044 47,27
Bunkovce,072 44,61
Bušince,991 22,73
Bušovce,059 93,21
Búštelek,930 39,15
Butty,022 04,12
Buzica,044 73,27
Buzice,044 13,27
Buzitka,985 41,33
Byster,044 41,27
Bystrá,090 23,64
Bystrá,977 01,10
Bystrany,053 62,62
Bystré,094 34,74
Bystričany,972 45,50
Bystrička,038 04,35
Bystrička,946 38,22
Bystrička,985 24,46
Byšta,076 13,68
Bytča,014 01,11
Bytčica,010 09,79
Bzenica,966 01,78
Bzenov,082 42,49
Bzince,956 05,67
Bzince pod Javorinou,916 11,41
Bziny,026 01,14
Bzovík,962 41,28
Bzovská Lehôtka,962 62,76
Bžany,090 33,64
Cabaj,951 17,40
Cabaj - Čápor,951 17,40
Cabov,094 14,74
Cakov,980 42,53
Cejkov,076 05,68
Celulózka,010 01,79
Cemjata,080 01,49
Cernina,090 16,65
Cerová,906 33,58
Cerová,972 48,50
Ceroviny,951 24,40
Cerovo,962 52,28
Cestice,044 71,27
Cetuna,916 11,41
Cífer,919 43,70
Cigeľ,971 01,50
Cigeľka,086 02,4
Cigla,086 37,65
Cimenná,956 37,1
Cinobaňa,985 22,46
Cunín,908 48,59
Čab,951 24,40
Čabalovce,067 16,36
Čabiny,067 02,36
Čabradský Vrbovok,962 51,28
Čačín,974 01,2
Čáčov,905 01,58
Čadca,,12
Čadca - Kyčerka,022 04,12
Čadečka,022 01,12
Čachtice,916 21,41
Čajakovo,935 61,30
Čajkov,935 24,30
Čaka,935 68,30
Čakajovce,951 43,40
Čakanovce,044 45,27
Čakanovce,985 58,33
Čakany,930 40,15
Čaklov,094 35,74
Čalovec,946 02,22
Čamovce,986 01,33
Čaňa,044 14,27
Čankov,934 01,30
Čápor,951 17,40
Čaradice,953 01,75
Čáry,908 43,58
Častá,900 89,44
Částa,946 03,22
Častkov,906 04,58
Častkovce,916 27,41
Čata,935 63,30
Čataj,900 83,57
Čavoj,972 29,50
Čebovce,991 25,73
Čečehov,072 11,37
Čečejovce,044 71,27
Čečínska Potôň,930 36,15
Čechánky,985 45,13
Čechová,930 34,15
Čechy,941 32,42
Čechynce,951 07,40
Čekovce,962 41,28
Čeľadice,951 03,40
Čeľadince,956 16,67
Čeláre,991 22,73
Čelkova Lehota,018 16,48
Čelovce,082 14,49
Čelovce,991 41,73
Čeľovce,076 17,68
Čemerné,093 03,74
Čenkesfa,929 01,15
Čenkov,943 52,42
Čenkovce,930 39,15
Čereňany,972 46,50
Čerenčany,979 01,53
Čergov,945 01,22
Čerhát,945 04,22
Čerhov,076 81,68
Čerín,974 01,2
Čermáň,949 01,40
Čermany,956 08,67
Černík,941 05,42
Černina,067 23,19
Černochov,076 32,68
Černochov Vrch,916 01,41
Černová,034 06,55
Čertižné,067 52,36
Červeň,985 02,46
Červená Skala,976 71,10
Červená Voda,083 01,56
Červeňany,049 64,52
Červeňany,991 01,73
Červenica,082 07,49
Červenica pri Sabinove,082 56,56
Červeník,920 42,18
Červený Hrádok,951 82,75
Červený Kameň,018 56,20
Červený Kameň,900 89,44
Červený Kláštor,059 06,21
Červený Kláštor - kúpele,059 06,21
České Brezovo,985 03,46
Čiakov,013 54,11
Čičarovce,076 71,37
Čičava,093 01,74
Čičmany,013 15,79
Číčov,946 19,22
Čierna,076 43,68
Čierna Hora,053 33,17
Čierna Lehota,049 36,54
Čierna Lehota,956 53,1
Čierna nad Tisou,076 43,68
Čierna Voda,925 06,16
Čierne,013 55,11
Čierne,023 13,12
Čierne,023 56,12
Čierne Kľačany,953 05,75
Čierne nad Topľou,094 34,74
Čierne Pole,079 01,37
Čierny Balog,976 52,10
Čierny Brod,925 08,16
Čierny Chrbát,946 03,22
Čierny Potok,980 31,53
Čierny Váh,032 33,32
Čifáre,951 61,40
Čiky,941 11,42
Čilistov,931 01,15
Čiližská Radvaň,930 08,15
Čimhová,027 12,72
Čirč,065 42,63
Číž,980 43,53
Číž - kúpele,980 43,53
Čižatice,044 47,27
Čoltovo,049 12,54
Čremošné,039 01,71
Čučma,048 01,54
Čukalovce,067 35,60
Čukárska Paka,930 51,15
Čuklasovce,956 54,1
Ďačov,082 71,56
Dačov Lom,991 35,73
Daletice,082 63,56
Dancov Potok,076 12,68
Danišovce,053 22,62
Ďanová,038 42,35
Ďapalovce,094 05,74
Dargov,076 61,68
Davidov,093 03,74
Debraď,045 01,27
Dedačov,067 12,19
Dedina Mládeže,946 03,22
Dedinka,941 50,42
Dedinka pri Dunaji,900 29,57
Dedinky,049 73,54
Dechtice,919 53,70
Dekýš,969 01,3
Delava,053 75,62
Demandice,935 85,30
Demänová,029 57,39
Demänová,031 01,32
Demänovská Dolina,031 01,32
Demjata,082 13,49
Demkovská,027 05,14
Dešná,020 54,51
Detrík,094 31,74
Detva,962 12,13
Detva - sídlisko,962 12,13
Detvianska Huta,962 05,13
Devičany,935 04,30
Devičie,962 65,28
Dežerice,957 03,1
Diaková,038 02,35
Diakovce,925 81,66
Didka,022 01,12
Diel,985 53,33
Diva,943 42,42
Diviacka Nová Ves,972 24,50
Diviaky,039 01,71
Diviaky nad Nitricou,972 25,50
Divín,985 52,33
Divina,013 31,79
Divinka,013 31,79
Divínske Lazy,985 52,33
Dlhá,919 01,70
Dlhá Lúka,032 23,32
Dlhá Lúka,085 01,4
Dlhá nad Kysucou,023 54,12
Dlhá nad Oravou,027 55,14
Dlhá nad Váhom,927 05,66
Dlhá Ves,049 55,54
Dlhé Klčovo,094 13,74
Dlhé nad Cirochou,067 82,60
Dlhé Pole,013 32,79
Dlhé Stráže,054 01,31
Dlhoňa,090 02,65
Dlžín,972 26,50
Dobogov,935 56,30
Dobogov,044 71,27
Dobrá,076 41,68
Dobrá,914 01,69
Dobrá Niva,962 61,76
Dobrá Voda,919 54,70
Dobrá Voľa,053 61,62
Dobrianky,094 23,74
Dobroč,976 52,10
Dobroč,985 53,33
Dobročná,972 27,50
Dobrohošť,930 31,15
Dobroslava,090 01,65
Dobrý Potok,985 26,46
Dobšiná,049 25,54
Dobšinská Ľadová Jaskyňa,049 71,54
Dobšinská Maša,049 73,54
Dohňany,020 51,51
Dojč,906 02,58
Doľany,053 02,31
Doľany,900 88,44
Dolina,027 05,14
Dolina,082 38,49
Dolinka,991 28,73
Dolinky,013 62,11
Dolinky,020 53,51
Dolinky,962 63,76
Dolná Breznica,020 61,51
Dolná Bzová,985 51,13
Dolná Krupá,919 65,70
Dolná Lehota,027 41,14
Dolná Lehota,976 98,10
Dolná Mariková,018 02,48
Dolná Mičiná,974 01,2
Dolná Môlča,974 01,2
Dolná Poruba,914 43,69
Dolná Potôň,930 02,15
Dolná Seč,935 31,30
Dolná Streda,925 63,16
Dolná Strehová,991 02,73
Dolná Súča,913 32,69
Dolná Štubňa,039 01,71
Dolná Tižina,013 04,79
Dolná Trnávka,966 21,78
Dolná Ves,967 01,78
Dolná Závrská,913 33,69
Dolná Ždaňa,966 01,78
Dolné Breziny,962 61,76
Dolné Držkovce,956 54,1
Dolné Dubové,919 52,70
Dolné Hámre,966 61,77
Dolné Chlebany,956 31,67
Dolné Janíky,930 39,15
Dolné Jaseno,038 02,35
Dolné Kočkovce,020 01,51
Dolné Košariská,906 15,38
Dolné Krškany,949 05,40
Dolné Lefantovce,951 45,40
Dolné Lelovce,972 43,50
Dolné Lovčice,919 27,70
Dolné Mladonice,962 41,28
Dolné Motešice,913 26,69
Dolné Naštice,957 01,1
Dolné Obdokovce,951 02,40
Dolné Orešany,919 02,70
Dolné Otrokovce,920 61,18
Dolné Ozorovce,957 01,1
Dolné Plachtince,991 24,73
Dolné Príbelce,991 25,73
Dolné Rykynčice,962 55,28
Dolné Saliby,925 02,16
Dolné Semerovce,935 85,30
Dolné Sľažany,951 71,75
Dolné Srnie,916 41,41
Dolné Strháre,991 03,73
Dolné Trhovište,920 61,18
Dolné Turovce,935 81,30
Dolné Vestenice,972 23,50
Dolné Zahorany,985 42,53
Dolné Zelenice,920 52,18
Dolný Badín,962 51,28
Dolný Bar,930 14,15
Dolný Ďur,935 34,30
Dolný Harmanec,976 03,2
Dolný Hričov,013 41,79
Dolný Chotár,925 41,16
Dolný Jalšovík,962 41,28
Dolný Jatov,941 10,42
Dolný Jelenec,976 02,2
Dolný Kalník,038 02,35
Dolný Kubín,026 01,14
Dolný Les,072 13,37
Dolný Lieskov,018 21,48
Dolný Lopašov,922 04,45
Dolný Moštenec,017 01,48
Dolný Ohaj,941 43,42
Dolný Pial,935 37,30
Dolný Smokovec,059 81,47
Dolný Štál,930 10,15
Dolný Štefanov,027 44,72
Dolný Tisovník,962 75,13
Dolný Turček,038 48,71
Dolný Vadičov,023 45,29
Dolný Vinodol,951 06,40
Doma,900 44,57
Domadice,935 87,30
Domaníky,962 65,28
Domaniža,018 16,48
Domaňovce,053 02,31
Domaša,935 61,30
Donovaly,976 39,2
Dora,985 41,33
Dovalovo,033 01,32
Drábsko,976 53,10
Drahňov,076 74,37
Drahošanka,022 01,12
Drahovce,922 41,45
Dravce,053 14,31
Dražice,980 23,53
Dražkovce,038 02,35
Dražovce,949 01,40
Drážovce,962 68,28
Driečna,090 23,64
Drienčany,980 23,53
Drienica,083 01,56
Drienov,082 04,49
Drienovec,044 01,27
Drienovo,962 51,28
Drienovská Nová Ves,082 01,49
Drietoma,913 03,69
Drňa,980 03,53
Drnava,049 42,54
Drnava,991 02,73
Družstevná pri Hornáde,044 31,27
Drženice,935 03,30
Držkovce,982 62,52
Ďubákovo,985 07,46
Dubie,024 01,29
Dubie,086 45,4
Dubinné,086 12,4
Dubková,020 55,51
Dubnica,972 01,50
Dubnica nad Váhom,018 41,20
Dubnička,957 03,1
Dubník,082 07,49
Dubník,941 35,42
Dubno,980 35,53
Dubodiel,913 23,69
Dubová,090 11,65
Dubová,900 90,44
Dubová,976 97,10
Dubovany,922 08,45
Dubovce,908 62,59
Dubové,038 23,71
Dubové,962 61,76
Dubovec,980 41,53
Dubovica,082 71,56
Dúbrava,032 12,32
Dúbrava,053 05,31
Dúbrava,067 73,60
Dúbrava,082 06,49
Dúbrava,913 33,69
Dúbrava,991 02,73
Dúbravica,976 33,2
Dúbravka,072 15,37
Dúbravy,962 12,13
Ducové,922 21,45
Dudince,962 71,28
Duchenec,962 52,28
Dukovce,086 44,65
Dulice,038 11,35
Dulov,018 52,20
Duľov,029 63,39
Ďulov Dvor,945 01,22
Dulova Ves,082 52,49
Dulovce,946 56,22
Dulovo,980 21,53
Dunajov,023 02,12
Dunajská Lužná,900 42,57
Dunajská Streda,929 01,15
Dunajský Klátov,930 21,15
Duplín,091 01,64
Ďurčiná,015 01,79
Ďurďoš,094 31,74
Ďurďošík,044 45,27
Ďurďové,018 22,48
Ďurkov,044 19,27
Ďurková,065 41,63
Ďurkovce,991 27,73
Dúžava,979 01,53
Dvor Mikuláš,941 35,42
Dvorany nad Nitrou,956 11,67
Dvorec,038 45,71
Dvorec,956 55,1
Dvorianky,076 62,68
Dvorníky,044 02,27
Dvorníky,920 56,18
Dvorníky,962 68,28
Dvorníky - Včeláre,044 02,27
Dvorníky nad Nitricou,972 22,50
Dvory nad Žitavou,941 31,42
Dyčka,952 01,40
Egreš,075 01,68
Eliášovce,930 38,15
Etreho Kračany,930 03,15
Fačkov,013 15,79
Fajtov,976 52,10
Falkušovce,072 05,37
Fančová,972 46,50
Farná,935 66,30
Fejséš,077 01,68
Fekišovce,072 33,61
Fiačice,032 14,32
Figa,982 51,53
Fijaš,087 01,65
Fiľakovo,986 01,33
Fiľakovské Kľačany,986 01,33
Fiľakovské Kováče,986 01,33
Filice,058 01,47
Filier,982 66,52
Filipovo,976 64,10
Fintice,082 16,49
Flajšová,029 57,39
Folkušová,038 42,35
Forbaky - Klukany,013 32,79
Forbasy,065 01,63
Francovce,087 01,65
Frička,086 02,4
Fričkovce,086 42,4
Fričovce,082 37,49
Fulianka,082 12,49
Furmanec,082 67,49
Gabčíkovo,930 05,15
Gaboltov,086 02,4
Gajary,900 61,34
Gajdoš,072 43,61
Galanta,924 01,16
Galovany,032 11,32
Gáň,924 01,16
Gánovce,058 01,47
Gápel,972 28,50
Gaškovce,020 53,51
Gašparovo,976 64,10
Gbeľany,013 02,79
Gbelce,943 42,42
Gbely,908 45,59
Geča č. 107-110,044 14,27
Geča,044 10,27
Gelnica,056 01,17
Gemer,982 01,52
Gemerček,980 31,53
Gemerská Hôrka,049 12,54
Gemerská Panica,980 46,54
Gemerská Poloma,049 22,54
Gemerská Ves,982 62,52
Gemerské Dechtáre,980 04,53
Gemerské Michalovce,982 52,53
Gemerské Teplice,049 16,52
Gemerský Jablonec,980 35,53
Gemerský Milhosť,049 16,52
Gemerský Sad,049 13,52
Géňa,934 01,30
Geraltov,082 67,49
Gerlachov,059 42,47
Gerlachov,086 04,4
Giglovce,094 05,74
Giraltovce,087 01,65
Girovce,094 06,74
Glabušovce,991 22,73
Gočaltovo,049 32,54
Gočovo,049 24,54
Golianovo,951 08,40
Gomboš,044 55,27
Gondovo,935 25,30
Gorazdov,951 31,66
Gortva,980 02,53
Gôtovany,032 14,32
Grajciar,044 57,27
Granč - Petrovce,053 05,31
Gregorova Vieska,985 56,33
Gregorovce,082 66,49
Gregorovce,982 52,52
Gribov,090 22,64
Grodzin,094 31,74
Grúne,027 05,14
Gruzovce,067 22,19
Gúg,941 23,42
Gyňov,044 14,27
Habovka,027 32,72
Habura,067 52,36
Hačava,044 02,27
Hačava,981 01,53
Hadoše,018 02,48
Hadovce,945 01,22
Hadušovce,053 13,62
Hadviga,038 22,71
Hágy,059 04,21
Háj,039 01,71
Háj,044 02,27
Hájiky - Maky,987 01,46
Hajná Nová Ves,956 03,67
Hajnáčka,980 33,53
Hájniky,962 31,76
Hájske,951 33,66
Hajtovka,065 45,63
Haláčovce,956 55,1
Halič,985 11,33
Haligovce,065 34,63
Haluzice,913 07,41
Hámor,976 66,10
Hámre,053 33,17
Hámre,913 21,69
Hámre - Dolné Hámre,966 61,77
Hámre - Horné Hámre,966 71,77
Hamuliakovo,900 43,57
Handlová,972 51,50
Hanigovce,082 56,56
Haniska,044 57,27
Haniska,080 01,49
Hanková,049 34,54
Hankovce,067 12,19
Hankovce,086 46,4
Hanušovce nad Topľou,094 31,74
Harakovce,053 05,31
Harhaj,086 45,4
Harichovce,053 01,62
Harmanec,976 03,2
Harmónia,900 01,44
Harvelka,023 05,12
Hatalov,072 16,37
Hatné,018 02,48
Havaj,090 23,64
Havka,061 01,21
Havran,906 04,58
Havranec,090 02,65
Havrania,027 05,14
Havrania Dolina,053 76,62
Hažín,072 34,37
Hažín nad Cirochou,067 83,19
Hažlín,086 14,4
Heďbeneéte,929 01,15
Helcmanovce,055 63,17
Heľpa,976 68,10
Henckovce,049 23,54
Henclová,053 33,17
Hencovce,093 02,74
Hendrichovce,082 35,49
Herľany,044 45,27
Herman,985 53,33
Hermanovce,082 35,49
Hermanovce nad Topľou,094 34,74
Hertník,086 42,4
Hervartov,086 22,4
Hetméň,927 01,66
Hiadeľ,976 61,2
Hincovce,053 63,62
Hladovka,027 13,72
Hlavice,023 22,12
Hlboké,018 03,48
Hlboké,906 31,58
Hlboké nad Váhom,014 01,11
Hlinené,023 54,12
Hliník,032 23,32
Hliník,945 01,22
Hliník nad Hronom,966 01,78
Hliník nad Váhom,014 01,11
Hlinné,094 35,74
Hlivištia,073 01,61
Hlohovec,,18
Hloža,018 61,51
Hniezdne,065 01,63
Hnilčík,053 32,62
Hnilec,053 75,62
Hnojné,072 33,37
Hnúšťa,981 01,53
Hodejov,980 31,53
Hodejovec,980 02,53
Hodkovce,044 21,27
Hodkovce,053 61,62
Hodruša - Hámre,966 61,77
Hodulov Vrch,916 14,38
Hokovce,935 84,30
Holanovo,947 01,22
Holčíkovce,094 05,74
Holiare,946 16,22
Holice,930 34,15
Holíč,908 51,59
Holiša,985 57,33
Holotka,951 42,40
Holumnica,059 94,21
Honce,049 32,54
Hontianska Vrbica,935 55,30
Hontianske Moravce,962 71,28
Hontianske Nemce,962 65,28
Hontianske Tesáre,962 68,28
Hontianske Trsťany,935 86,30
Horelica,022 01,12
Horenická Hôrka,020 61,51
Horňa,073 01,61
Horná Breznica,020 61,51
Horná Dolina,906 05,58
Horná Hriňová,962 05,13
Horná Kráľová,951 32,66
Horná Krupá,919 65,70
Horná Lehota,027 41,14
Horná Lehota,976 81,10
Horná Mariková,018 03,48
Horná Mičiná,974 01,2
Horná Môlča,974 01,2
Horná Poruba,018 35,20
Horná Potôň,930 36,15
Horná Potôň - Lúky,930 52,15
Horná Seč,935 31,30
Horná Streda,916 24,41
Horná Strehová,991 02,73
Horná Súča,913 33,69
Horná Štubňa,038 46,71
Horná Tižina,013 06,79
Horná Trnávka,966 01,78
Horná Ves,967 01,78
Horná Ves,972 48,50
Horná Závrská,913 33,69
Horná Zlatná,946 12,22
Horná Ždaňa,966 04,78
Horňany,913 24,69
Horné Breziny,962 61,76
Horné Držkovce,956 54,1
Horné Dubové,919 65,70
Horné Hámre,966 71,77
Horné Chlebany,956 31,67
Horné Janíky,930 39,15
Horné Jaseno,038 02,35
Horné Kočkovce,020 01,51
Horné Košariská,906 15,38
Horné Krškany,949 05,40
Horné Lefantovce,951 45,40
Horné Lelovce,972 71,50
Horné Lovčice,919 27,70
Horné Mladonice,962 43,28
Horné Motešice,913 26,69
Horné Mýto,930 13,15
Horné Naštice,956 41,1
Horné Obdokovce,956 08,67
Horné Orešany,919 03,70
Horné Otrokovce,920 62,18
Horné Ozorovce,957 03,1
Horné Plachtince,991 24,73
Horné Príbelce,991 25,73
Horné Pršany,974 05,2
Horné Rykynčice,962 55,28
Horné Saliby,925 03,16
Horné Saliby - časť Hrušov,925 02,16
Horné Semerovce,935 84,30
Horné Sľažany,951 71,75
Horné Srnie,914 42,69
Horné Strháre,991 03,73
Horné Štitáre,956 03,67
Horné Trhovište,920 66,18
Horné Turovce,935 81,30
Horné Vestenice,972 22,50
Horné Zahorany,980 26,53
Horné Zelenice,920 52,18
Horný Badín,962 51,28
Horný Bar,930 33,15
Horný Čepeň,926 01,16
Horný Ďur,935 34,30
Horný Hričov,013 42,79
Horný Jalšovík,962 41,28
Horný Jatov,925 71,66
Horný Jelenec,976 02,2
Horný Kalník,038 02,35
Horný Lieskov,018 21,48
Horný Moštenec,017 01,48
Horný Ohaj,952 01,40
Horný Pial,935 37,30
Horný Smokovec,062 01,47
Horný Štefanov,027 44,72
Horný Tisovník,962 75,13
Horný Turček,038 48,71
Horný Vadičov,023 45,29
Horný Vinodol,951 06,40
Horovce,020 62,51
Horovce,072 02,37
Horša,934 01,30
Hoste,925 45,16
Hostice,980 04,53
Hostie,951 94,75
Hostišovce,980 23,53
Hosťová,951 02,40
Hosťovce,044 02,27
Hosťovce,951 91,75
Hostovice,067 35,60
Hoštiná,020 01,51
Hozelec,059 11,47
Hôrka,059 12,47
Hôrka nad Váhom,916 32,41
Hôrky,010 04,79
Hrabičov,966 78,77
Hrabkov,082 33,49
Hrabová Roztoka,067 73,60
Hrabovčík,089 01,65
Hrabové,014 01,11
Hrabovec,086 11,4
Hrabovec nad Laborcom,067 01,19
Hrabovka,020 01,51
Hrabovka,913 32,69
Hrabovo,985 01,46
Hrabské,086 06,4
Hrabušice,053 15,62
Hradisko,059 71,21
Hradisko,082 67,49
Hradisko,090 42,65
Hradište,958 54,43
Hradište,985 25,46
Hradište pod Vrátnom,906 12,58
Hradištská Moľva,072 06,37
Hradná,013 52,11
Hrádok,916 33,41
Hrachovište,916 16,41
Hrachovo,980 52,53
Hraň,076 03,68
Hraničné,065 22,63
Hranovnica,059 16,47
Hrašné,916 14,38
Hrašovík,044 42,27
Hrboltová,034 01,55
Hrčeľ,076 15,68
Hrhov,049 44,54
Hriadky,076 22,68
Hričovské Podhradie,013 41,79
Hriňová,962 05,13
Hrišovce,053 51,17
Hrkáč,982 62,53
Hrkovce,936 01,30
Hrlica,982 66,52
Hrnčiarky,985 22,46
Hrnčiarovce nad Parnou,919 35,70
Hrnčiarové,916 12,41
Hrnčiarska Ves,980 13,46
Hrnčiarske Zalužany,980 12,46
Hrochoť,976 37,2
Hromoš,065 45,63
Hronec,976 45,10
Hronovce,935 61,30
Hronsek,976 31,2
Hronská Breznica,966 11,76
Hronská Dúbrava,966 11,78
Hronské Kľačany,935 29,30
Hronské Kosihy,935 27,30
Hronský Beňadik,966 53,77
Hrubá Borša,925 23,57
Hrubá Strana,916 11,41
Hruboňovo,951 25,40
Hrubov,067 23,19
Hrubý Buk,023 52,12
Hrubý Šúr,903 01,57
Hrušov,049 43,54
Hrušov,076 37,68
Hrušov,991 42,73
Hrušovany,956 13,67
Hrušové,916 11,41
Hrušovo,980 25,53
Hruštín,029 52,39
Hubice,930 39,15
Hubina,922 21,45
Hubošovce,082 66,56
Hubová,034 91,55
Hubovo,980 50,53
Hucín,049 13,52
Hudcovce,067 45,19
Hul,941 44,42
Humenné,066 01,19
Huncovce,059 92,21
Hunkovce,076 62,68
Hunkovce,090 03,65
Hurbanova Dolina,906 13,38
Hurbanova Ves,903 01,57
Hurbanovce,941 50,42
Hurbanovo,,22
Husák,072 51,61
Husarik,022 04,12
Husiná,985 42,53
Hutka,086 36,4
Huty,027 32,32
Hviezdoslavov,930 41,15
Hvozdnica,013 56,11
Hybe,032 31,32
Hýľov,044 12,27
Chalmová,972 45,50
Chanava,980 44,53
Chľaba,943 65,42
Chladná Studňa,985 26,46
Chlebnice,027 55,14
Chlmec,067 41,19
Chmeľnica,064 01,63
Chmeľov,082 15,49
Chmeľová,086 33,4
Chmeľovec,082 12,49
Chmiňany,082 33,49
Chminianska Nová Ves,082 33,49
Chminianske Jakubovany,082 33,49
Choča,951 76,75
Chocholná,913 04,69
Choňkovce,072 63,61
Chorvatice,935 84,30
Chorvátsky Grob,900 25,57
Chorváty,044 02,27
Chotár,968 01,77
Chotča,090 21,64
Chotín,946 31,22
Chrabrany,955 01,67
Chrámec,980 42,53
Chrasť,946 54,22
Chrasť nad Hornádom,053 63,62
Chrastince,991 08,73
Chrastné,044 44,27
Chrašťany,951 75,75
Chrenová,949 01,40
Chrenovec - Brusno,972 32,50
Chropov,908 64,59
Chrťany,991 21,73
Chtelnica,922 05,45
Chudá Lehota,956 38,1
Chvalová,982 62,52
Chvatimech,976 81,10
Chvojnica,906 06,38
Chvojnica,972 13,50
Chym,044 74,27
Chynorany,956 33,43
Chyzerovce,953 01,75
Chyžné,049 18,52
Igram,900 84,57
Ihľany,059 94,21
Ihráč,967 01,78
Ihrište,020 01,51
Iľanovo,031 01,32
Ilava,019 01,20
Iliaš,974 05,2
Iliašov,991 07,73
Iliašovce,053 11,62
Iliavka,019 01,20
Ilija,969 01,3
Imeľ,946 52,22
Imrov Kopec,991 21,73
Iňa,935 35,30
Iňačovce,072 11,37
Inovce,072 64,61
Ipeľ,985 26,46
Ipeľka,985 41,33
Ipeľské Predmostie,991 10,73
Ipeľské Úľany,935 82,30
Ipeľský Sokolec,935 75,30
Istebné,027 53,14
Istebník,911 05,69
Ivachnová,034 83,55
Ivančiná,038 45,71
Ivanice,980 42,53
Ivanišovo,985 51,13
Ivanka pri Dunaji,900 28,57
Ivanka pri Nitre,951 12,40
Ivanovce,913 05,69
Iviny,962 12,13
Iža,946 39,22
Ižipovce,032 23,32
Ižkovce,076 72,37
Ižop,932 01,15
Jabloň,067 13,19
Jablonec,900 86,44
Jablonica,906 32,58
Jablonka,906 21,38
Jablonov,053 03,31
Jablonov nad Turňou,049 43,54
Jabloňovce,935 06,30
Jablonové,013 52,11
Jablonové,900 54,34
Jabriková,976 34,2
Jacovce,956 21,67
Jahodná,930 21,15
Jahodníky,036 01,35
Jaklovce,055 61,17
Jakovany,083 01,56
Jakub,974 01,2
Jakubany,065 12,63
Jakubov,900 63,34
Jakubova Voľa,082 56,56
Jakubovany,032 04,32
Jakubovany,083 01,56
Jakušovce,090 31,64
Jalakšová,935 03,30
Jalná,966 11,78
Jalová,067 61,60
Jalovec,032 21,32
Jalovec,972 31,50
Jalšové,922 31,18
Jalšovík,962 41,28
Jamník,033 01,32
Jamník,053 22,62
Janice,980 42,53
Janík,044 05,27
Janíkovce,949 07,40
Janíky,930 39,15
Jankovce,067 24,19
Jánošíková,900 42,57
Jánošíkovo na Ostrove,930 10,15
Jánošovka,976 52,10
Janov,082 42,49
Janova Lehota,966 24,78
Janova Ves,958 44,43
Janovce,086 41,4
Jánovce,059 13,47
Jánovce,925 22,16
Janovík,082 03,49
Jarabá,977 01,10
Jarabina,065 31,63
Jarná,919 43,70
Jarok,937 01,30
Jarok,951 48,40
Jarovnice,082 63,56
Jasenica,018 17,48
Jasenie,976 75,10
Jasenov,066 01,19
Jasenov,072 42,61
Jasenová,026 01,14
Jasenovce,094 05,74
Jasenové,013 19,79
Jasenovo,038 22,71
Jasenovo,962 05,13
Jasenovská,029 57,39
Jaslovce,919 30,70
Jaslovské Bohunice,919 30,70
Jaslovské Bohunice-Atómová elektráreň,919 31,70
Jasov,044 23,27
Jasová,941 34,42
Jastrabá,967 01,78
Jastrabie pri Michalovciach,072 11,37
Jastrabie Kračany,930 03,15
Jastrabie nad Topľou,094 35,74
Jašov Vrch,962 25,13
Jatov,941 10,42
Javorec,906 05,58
Javorina,059 56,47
Javorina,976 53,10
Javorinka,925 01,16
Javorová,023 22,12
Jazernica,038 44,71
Jazviny,916 01,41
Jedlinka,086 36,4
Jedľové Kostoľany,951 96,75
Jedľovník,023 55,12
Jelenec,951 73,40
Jelka,925 23,16
Jelšava,049 16,52
Jelšavská Teplica,049 16,52
Jelšovce,951 43,40
Jelšovec,985 32,33
Jenkovce,072 52,61
Jergaly,976 02,2
Jesenské,935 36,30
Jesenské,980 02,53
Jestice,980 04,53
Ješkova Ves,958 45,43
Jezersko,059 04,21
Ješkova Ves nad Nitricou,972 25,50
Jovice,049 45,54
Jovsa,072 32,37
Jur nad Hronom,935 57,30
Jurkova Voľa,089 01,65
Jurová,930 04,15
Jurské,059 94,21
Jurský Chlm,943 52,42
Juskova Voľa,094 12,74
Kačanov,072 05,37
Kače,065 22,63
Kajal,925 92,16
Kaľamenová,038 22,71
Kalameny,034 82,55
Kaľava,053 42,62
Kalinčiakovo,934 01,30
Kalinka,962 25,13
Kalinkovo,900 43,57
Kalinov,023 02,12
Kalinov,068 01,36
Kalinovo,985 01,46
Kalná,935 32,30
Kalná nad Hronom,935 32,30
Kalná Roztoka,067 72,60
Kálnica,916 37,41
Kalnica,935 32,30
Kalnište,087 01,65
Kalonda,985 31,33
Kaloša,982 52,53
Kalša,044 18,27
Kaluža,072 36,37
Kamanová,956 12,67
Kameňany,049 62,52
Kamenec,934 01,30
Kamenec pod Vtáčnikom,972 44,50
Kamenica,082 71,56
Kamenica nad Cirochou,067 83,19
Kamenica nad Hronom,943 65,42
Kameničany,018 54,20
Kameničná,946 01,22
Kamenín,943 57,42
Kamenná Poruba,013 14,79
Kamenná Poruba,093 03,74
Kamenné Kosihy,991 27,73
Kamenný Chotár,935 02,30
Kamenný Most,943 58,42
Kamenný Vrch,992 01,73
Kamienka,065 32,63
Kamienka,067 83,19
Kanaš,082 21,49
Kanianka,972 17,50
Kapince,951 24,40
Kapišová,090 01,65
Kaplna,900 84,57
Kapoňa,076 84,68
Kapušany,082 12,49
Kapušianske Kľačany,079 01,37
Kapušianske Vojkovce,079 01,37
Kardošova Vieska,018 16,48
Karlov Dvor,076 33,68
Karlová,038 15,35
Karná,067 45,19
Karolína,937 01,30
Kašov,076 02,68
Kašova Lehôtka,962 34,76
Katarínska Huta,985 22,46
Kátlina,018 02,48
Kátlovce,919 55,70
Kátov,908 49,59
Katúň,053 04,31
Kava,945 01,22
Kazimír,076 13,68
Keblov - Zárieč,013 32,79
Kecerovce,044 47,27
Kecerovské Kostoľany,044 47,27
Kecerovské Pekľany,044 47,27
Kecerovský Lipovec,044 47,27
Kéč,946 19,22
Kečkovce,090 11,65
Kečovo,049 55,54
Kechnec,044 58,27
Kendereš,94110,42
Kendice,082 01,49
Kesovce,980 45,53
Keť,935 64,30
Kevice,038 45,71
Kežmarok,060 01,21
Kežmarské Žľaby,059 60,47
Kiarov,991 06,73
Kinčeš,076 62,68
Kírť,991 22,73
Kišovce,059 12,47
Kľačany,920 64,18
Kľačany,956 02,67
Kľačany,966 11,78
Kľače,013 19,79
Kľačno,972 15,50
Kľačno,034 01,55
Kladzany,094 21,74
Kľak,966 77,77
Klasov,951 53,40
Klastava,969 01,3
Kláštor pod Znievom,038 43,35
Klátova Nová Ves,958 44,43
Klčov,053 02,31
Klčovany,919 08,70
Kleňany,991 10,73
Klenov,082 44,49
Klenová,067 72,60
Klenovec,980 55,53
Klieština,018 02,48
Klin,023 22,12
Klin,029 41,39
Klin nad Bodrogom,076 31,68
Klíž,958 45,43
Klížska Nemá,946 19,22
Klížske Hradište,958 45,43
Klobušice,019 01,20
Klokoč,962 25,13
Klokočina,949 11,40
Klokočov,023 22,12
Klokočov,072 36,37
Klubina,023 04,12
Kľučiareň,925 71,66
Kľúčiarove Kračany,930 03,15
Kľúčové,914 41,69
Kľúčovec,930 07,15
Kluknava,053 51,17
Kľušov,086 22,4
Kľušovská Zábava,086 22,4
Kmeťovce,935 03,30
Kmeťovo,941 62,42
Kňažia,026 01,14
Kobeliarovo,049 23,54
Kobylnice,087 01,65
Kobyly,086 22,4
Koceľovce,049 35,54
Kociha,980 52,53
Kocurany,972 02,50
Kocurice,921 01,45
Kočín,922 04,45
Kočovce,916 31,41
Kochanovce,066 01,19
Kochanovce,086 46,4
Kochanovce,913 05,69
Kochnáč,956 54,1
Kojatice,082 32,49
Kojatická Dolina,082 32,49
Kojšov,055 52,17
Kokava nad Rimavicou,985 05,46
Kokošovce,082 52,49
Kokšov - Bakša,044 13,27
Kolačkov,065 11,63
Kolačno,958 41,43
Koláre,991 09,73
Kolárovice,013 54,11
Kolárovo,946 03,22
Kolbasov,067 66,60
Kolbovce,090 31,64
Kolibabovce,072 61,61
Kolíňany,951 78,40
Kolinovce,053 42,62
Kolónia,076 42,68
Kolónia,929 01,15
Kolónia,930 35,15
Kolónia,943 56,42
Kolonica,067 61,60
Kolta,941 33,42
Komanica,072 15,37
Komárany,093 01,74
Komárno,,22
Komárno,962 05,13
Komárov,086 11,4
Komárovce,044 55,27
Komárovce,073 01,61
Komjatice,941 06,42
Komjatná,034 96,55
Komoča,941 21,42
Komov,976 52,10
Končitá,027 05,14
Koniarovce,956 13,67
Konkoľ,947 01,22
Konrádovce,980 32,53
Konská,013 13,79
Konská,032 04,32
Konské,038 52,35
Koňuš,072 63,61
Kopanice,023 56,12
Kopanice,966 61,77
Kopčany,908 48,59
Kopec,018 31,20
Kopernica,967 01,78
Koplotovce,920 01,18
Kopráš,049 16,52
Koprivnica,086 43,4
Kordíky,976 34,2
Korejovce,090 05,65
Korňa,023 21,12
Kornica,023 22,12
Koromľa,072 62,61
Korunková,090 31,64
Korytárky,962 04,13
Korytné,013 54,11
Korytné,053 05,31
Korytnica - kúpele,034 73,55
Kosihovce,991 25,73
Kosihy nad Ipľom,991 11,73
Kosorín,966 24,78
Kostiviarska,974 01,2
Kostivrch,968 01,77
Kostoľany nad Hornádom,044 31,27
Kostoľany pod Tribečom,951 77,75
Kostolec,017 05,48
Kostolište,900 62,34
Kostolná,962 12,13
Kostolná - Záriečie,913 04,69
Kostolná Gala,930 34,15
Kostolná pri Dunaji,903 01,57
Kostolná Ves,972 26,50
Kostolné,916 13,38
Kostolné Kračany,930 03,15
Kostolné Mitice,913 22,69
Kostolné Moravce,962 71,28
Kostolný Sek,942 01,42
Koš,972 41,50
Košariská,906 15,38
Košarovce,094 06,19
Košeca,018 64,20
Košecké Podhradie,018 31,20
Košecké Rovné,018 32,20
Košice,,23
Košice - Barca,040 17,26
Košice - Dargovských Hrdinov,,25
Košice - Džungľa,,23
Košice - Juh,,26
Košice - Kavečany,040 01,23
Košice - Košická Nová Ves,040 14,25
Košice - Krásna,040 18,26
Košice - Lorinčík,040 11,24
Košice - Luník IX,,24
Košice - Myslava,040 16,24
Košice - Nad Jazerom,,26
Košice - Pereš,040 11,24
Košice - Poľov,040 15,24
Košice - Sever,,23
Košice - Sídlisko KVP,,24
Košice - Sídlisko Ťahanovce,,23
Košice - Staré Mesto,040 01,23
Košice - Šaca,040 15,24
Košice - Šebastovce,040 17,26
Košice - Ťahanovce,040 13,23
Košice - Vyšné Opátske,040 01,26
Košice - Západ,040 11,24
Košice - Železiarne,044 54,24
Košická Belá,044 65,27
Košická Polianka,044 41,27
Košické Oľšany,044 42,27
Košický Klečenov,044 45,27
Koškovce,067 12,19
Košolná,919 01,70
Košťany,044 13,27
Košťany nad Turcom,038 41,35
Košúty,036 01,35
Košúty,925 09,16
Kotelnica,946 54,22
Kotešová,013 61,11
Kotmanová,985 53,33
Kotrčiná Lúčka,013 02,79
Kováčov,943 65,42
Kováčová,049 42,54
Kováčová,962 37,76
Kováčovce,991 06,73
Koválov,906 03,58
Koválovec,908 63,59
Kovarce,956 15,67
Kozárovce,935 22,30
Kozelec,065 45,63
Kozelník,966 15,3
Kozí Vrbovok,962 41,28
Kozinská,027 05,14
Kožany,086 12,4
Kožuchov,076 01,68
Kožuchovce,090 22,64
Kračúnovce,087 01,65
Krahule,967 01,78
Krajná Bystrá,090 05,65
Krajná Poľana,090 05,65
Krajná Porúbka,090 05,65
Krajné,916 16,38
Krajné Čierno,090 03,65
Krakovany,922 02,45
Kráľ,980 45,53
Králik,982 01,52
Králiky,976 34,2
Kráľka,946 03,22
Kráľov Brod,925 41,16
Kráľová,960 01,76
Kráľová,974 05,2
Kráľova Lehota,032 33,32
Kráľová nad Váhom,925 91,66
Kráľová pri Senci,900 50,57
Kraľovany,027 51,14
Kráľovce,044 44,27
Kráľovce,962 65,28
Kráľovce - Krnišov,962 65,28
Kráľovianky,931 01,15
Kráľovičová,935 84,30
Kráľovičove Kračany,930 03,15
Kráľovský Chlmec,077 01,68
Krám,976 52,10
Kraskovo,980 26,53
Krásna,980 51,53
Krásna,985 41,33
Krásna Hôrka,027 44,72
Krásna Lúka,082 73,56
Krásna Ves,956 53,1
Krasňany,013 03,79
Krásno,958 43,43
Krásno nad Kysucou,023 02,12
Krásnohorská Dlhá Lúka,049 45,54
Krásnohorské Podhradie,049 41,54
Krásnovce,072 01,37
Krásny Brod,068 01,36
Krásny Dub,913 33,69
Krátke Kesy,946 32,22
Kravany,059 18,47
Kravany,076 61,68
Kravany nad Dunajom,946 36,22
Kravárska,013 32,79
Krčava,072 51,61
Kremná,065 22,63
Kremnica,967 01,78
Kremnické Bane,967 01,78
Kremnička,974 05,2
Kristy,072 55,61
Krišľovce,090 31,64
Krišovská Liesková,079 01,37
Krivá,027 55,14
Krivá Oľka,067 04,36
Kriváň,962 04,13
Krivany,082 71,56
Krivé,086 04,4
Krivec I,962 05,13
Krivec II,962 05,13
Krivoklát,018 52,20
Krivosúd - Bodovka,913 11,69
Krivošťany,072 22,37
Kríž nad Váhom,916 26,41
Krížany,079 01,37
Kríže,086 04,4
Krížny Vrch,934 01,30
Krížová Ves,059 01,21
Krížovany,082 33,49
Križovany nad Dudváhom,919 24,70
Krížový Dvor,946 19,22
Krkošky,022 04,12
Krmeš,032 13,32
Krná,985 25,46
Krnča,956 19,67
Krné,962 12,13
Krnišov,962 65,28
Krokava,982 67,53
Krompachy,053 42,62
Krpeľany,038 54,35
Krškany,934 01,30
Krtovce,956 03,67
Kručov,090 32,64
Krupina,963 01,28
Krušetnica,029 54,39
Krušinec,091 01,64
Krušovce,956 31,67
Kružlov,086 04,4
Kružlová,090 02,65
Kružlovská Huta,086 04,4
Kružná,049 51,54
Kružno,979 01,53
Kšinná,956 41,1
Kubáňovo,935 75,30
Kubíková,013 05,79
Kubínska,029 57,39
Kubrá,911 01,69
Kubrica,911 01,69
Kucany,076 75,37
Kučín,086 12,4
Kučín,094 21,74
Kuchyňa,900 52,34
Kuklov,908 78,58
Kuková,086 44,65
Kukučínov,937 01,30
Kunerad,013 13,79
Kunešov,967 01,78
Kunov,905 01,58
Kunova Teplica,049 32,54
Kuraľany,935 64,30
Kurima,086 12,4
Kurimany,054 01,31
Kurimka,090 16,65
Kurinec,979 01,53
Kurov,086 04,4
Kurtáň,986 01,33
Kusín,072 32,37
Kútniky,929 01,15
Kúty,908 01,58
Kúty,971 01,50
Kuzmice,076 12,68
Kuzmice,956 21,67
Kvačany,032 23,32
Kvačany,082 41,49
Kvakovce,094 02,74
Kvašov,020 62,51
Kvetnica,058 01,47
Kvetoslavov,930 41,15
Kýčerka,022 04,12
Kyjatice,980 54,53
Kyjov,065 48,63
Kykula,913 04,69
Kynceľová,974 01,2
Kynceľove Kračany,930 03,15
Kynek,949 01,40
Kysak,044 81,27
Kyselica,930 30,15
Kysihýbel,969 01,3
Kysta,076 02,68
Kysuca,976 53,10
Kysucké Nové Mesto,,29
Kysucký Lieskovec,023 34,29
Kyzka,022 04,12
Láb,900 67,34
Lackov,962 44,28
Lacková,065 01,63
Lackovce,066 01,19
Laclavá,038 22,71
Lačnov,082 36,49
Lada,082 12,49
Ladce,018 63,20
Ladice,951 77,75
Ladislavov Dvor,934 01,30
Ladmovce,076 34,68
Ladomerská Vieska,965 01,78
Ladomirov,067 71,60
Ladomirová,090 03,65
Ladunkov,022 04,12
Ladzany,962 65,28
Lakšárska Nová Ves,908 76,58
Lalinok,013 31,79
Lančár,922 04,45
Lándor,945 01,22
Lány,023 04,12
Lascov,086 45,4
Laskár,038 43,35
Laskár,972 71,50
Lastomír,072 37,37
Lastovce,076 14,68
Laškovce,072 01,37
Látkovce,957 01,1
Látky,985 45,13
Lazany,038 43,35
Lazany,972 11,50
Lazisko,032 11,32
Lazy pod Makytou,020 55,51
Lažany,082 32,49
Lažteky,962 63,76
Lednica,020 63,51
Lednické Rovne,020 61,51
Lefantovce,951 45,40
Legnava,065 46,63
Lehnice,930 37,15
Lehota,951 36,40
Lehota nad Rimavicou,980 53,53
Lehota pod Vtáčnikom,972 42,50
Lehotská,029 57,39
Lehôtka,985 11,33
Lehôtka pod Brehmi,966 01,78
Lechnica,059 06,21
Lekárovce,072 54,61
Leľa,943 65,42
Leles,076 84,68
Lemešany,082 03,49
Lenartov,086 06,4
Lenartovce,980 44,53
Lendak,059 07,21
Lenka,980 50,53
Lentvora,985 13,33
Leopoldov,920 41,18
Lesenice,991 08,73
Lesíček,082 07,49
Lesné,071 01,37
Lesné Kračany,930 03,15
Lesnica,065 33,63
Lešť,962 63,76
Leštiny,026 01,14
Letanovce,053 13,62
Letničie,908 44,59
Leváre,982 62,52
Levice,,30
Levkuška,982 62,52
Levoča,054 01,31
Levočská Dolina,054 01,31
Levočské Lúky,054 01,31
Ležiachov,038 42,35
Libichava,956 38,1
Licince,049 14,52
Ličartovce,082 03,49
Lidér Tejed,929 01,15
Liesek,027 12,72
Lieskov - Dolný Lieskov,018 21,48
Lieskov - Horný Lieskov,018 21,48
Lieskov - Podskalie,018 22,48
Lieskov - Tŕstie,018 22,48
Liesková,079 01,37
Lieskovany,053 21,62
Lieskové,906 33,58
Lieskové - Zemianske Lieskové,913 05,69
Lieskovec,067 45,19
Lieskovec,962 21,76
Liešno,038 22,71
Liešťany,972 27,50
Lietava,013 18,79
Lietavská Lúčka,013 11,79
Lietavská Svinná,013 11,79
Lietavská Závadka,013 18,79
Likavka,034 95,55
Likier,981 01,53
Limbach,900 91,44
Lipany,082 71,56
Lipník,935 21,30
Lipník,972 32,50
Lipníky,082 12,49
Lipníky - Podhrabina,082 15,49
Lipová,086 12,4
Lipová,941 02,42
Lipovany,985 31,33
Lipovce,082 36,49
Lipovce - chaty,082 36,49
Lipové,946 14,22
Lipovec,038 61,35
Lipovec,980 23,53
Lipovník,049 42,54
Lipovník,956 01,67
Liptovská Anna,032 23,32
Liptovská Kokava,032 44,32
Liptovská Lúžna,034 72,55
Liptovská Ondrašová,031 05,32
Liptovská Osada,034 73,55
Liptovská Porúbka,033 01,32
Liptovská Sielnica,032 23,32
Liptovská Štiavnica,034 01,55
Liptovská Teplá,034 83,55
Liptovská Teplička,059 40,47
Liptovské Beharovce,032 21,32
Liptovské Kľačany,032 14,32
Liptovské Matiašovce,032 23,32
Liptovské Revúce,034 74,55
Liptovské Sliače,034 84,55
Liptovský Hrádok,033 01,32
Liptovský Ján,032 03,32
Liptovský Michal,034 83,55
Liptovský Mikuláš,,32
Liptovský Ondrej,032 04,32
Liptovský Peter,033 01,32
Liptovský Trnovec,031 01,32
Lisková,034 81,55
Lišov,962 71,28
Litava,962 44,28
Litmanová,065 31,63
Livina,956 32,43
Livinské Opatovce,956 32,43
Livov,086 05,4
Livovská Huta,086 05,4
Lodno,023 34,29
Lok,935 38,30
Lokca,029 51,39
Lom nad Rimavicou,976 53,10
Lomná,029 54,39
Lomné,090 33,64
Lomnica,972 27,50
Lomnička,065 03,63
Lonec,962 63,76
Lontov,935 75,30
Lopašov,908 63,59
Lopej,976 98,10
Lopúchov,086 41,4
Lopušná,023 36,29
Lopušné Pažite - Lopušná,023 36,29
Lopušné Pažite - Pažite,023 36,29
Lošonec,919 04,70
Lovce,951 92,75
Lovča,966 21,78
Lovčica,966 23,78
Lovčica - Trubín,966 23,78
Lovinobaňa,985 54,33
Lozorno,900 55,34
Ložín,072 05,37
Ľubá,943 53,42
Ľubeľa,032 14,32
Lubeník,049 18,52
Ľubianka,972 47,50
Ľubica,059 71,21
Ľubienka,985 07,46
Ľubietová,976 55,2
Lubina,916 12,41
Ľubiša,067 11,19
Ľubochňa,034 91,55
Ľuborča,914 41,69
Ľuboreč,985 11,33
Ľuboriečka,991 02,73
Ľubotice,080 06,49
Ľubotín,065 41,63
Ľubovec,082 42,49
Lúč na Ostrove,930 03,15
Lučatín,976 61,2
Lučenec,,33
Lúčina,082 07,49
Lučivná,059 31,47
Lúčka,049 42,54
Lúčka,053 03,31
Lúčka,082 71,56
Lúčka,087 01,65
Lučkovce,072 03,37
Lúčky,034 82,55
Lúčky,072 34,37
Lúčky,967 01,78
Lúčky - kúpele,034 82,55
Lúčnica nad Žitavou,951 88,40
Ludanice,956 11,67
Ľudovítov,941 11,42
Ľudovítová,951 44,40
Ľudvikov dvor,040 15,27
Ludrová,034 71,55
Luhyňa,076 14,68
Lúka,916 33,41
Lukačovce,067 24,19
Lukáčovce,951 23,40
Lukavica,086 21,4
Lukavica,962 31,76
Lukavica,966 81,77
Lukov,086 05,4
Lukové,962 21,76
Lukovištia,980 26,53
Lúky,013 31,79
Lúky,020 53,51
Lúky,946 14,22
Lula,935 35,30
Lupoč,985 11,33
Luskovica,916 16,38
Lutila,966 22,78
Ľutina,082 57,56
Lutiše,013 05,79
Ľutov,957 03,1
Lužany,956 07,67
Lužany pri Topli,087 01,65
Lužianky,951 41,40
Lysá nad Dunajcom,061 01,21
Lysá pod Makytou,020 54,51
Lysica,013 05,79
Macov,930 32,15
Mačonáš,925 41,16
Mačov,972 25,50
Mad,930 14,15
Madačka,985 13,33
Madérét,930 28,22
Madočany,034 83,55
Madunice,922 42,18
Madzín,013 62,11
Magnezitovce,049 16,52
Magurka,032 15,32
Machalovce,059 13,47
Machulince,951 93,75
Majcichov,919 22,70
Majdan,082 57,56
Majer,094 31,74
Majer,974 01,2
Majere,061 01,21
Majere,935 05,30
Majeríčky,906 05,58
Majerka,059 94,21
Majerovce,094 09,74
Makov,023 56,12
Makovce,090 23,64
Malá Bara,076 32,68
Malá Baračka,935 36,30
Malá Budafa,930 34,15
Malá Bytča,014 01,11
Malá Čalomija,991 08,73
Malá Čausa,971 01,50
Malá Čierna,015 01,79
Malá Dolina,985 53,33
Malá Domaša,094 02,74
Malá Franková,059 78,21
Malá Hradná,956 54,1
Malá Ida,044 20,27
Malá Iža,945 01,22
Malá Lehota,966 42,77
Malá Lehota,972 42,50
Malá Lodina,044 32,27
Malá Lúč,930 03,15
Malá Mača,925 21,16
Malá Maňa,941 45,42
Malá Mužla,943 52,42
Malá nad Hronom,943 65,42
Malá Paka,930 51,15
Malá Poľana,090 24,64
Malá Tŕňa,076 82,68
Malá Ves,984 01,33
Malá Vieska,044 31,27
Malacky,901 01,34
Malachov,974 05,2
Málaš,935 67,30
Malatiná,026 01,14
Malatíny,032 15,32
Malcov,086 06,4
Malčice,072 06,37
Malé Bedzany,955 01,67
Malé Bielice,958 04,43
Malé Bierovce,913 05,69
Malé Blahovo,929 01,15
Malé Borové,027 32,32
Malé Dvorany,956 01,67
Malé Dvorníky,929 01,15
Malé Hoste,956 37,1
Malé Chlievany,957 01,1
Malé Chyndice,951 54,40
Malé Kosihy,943 61,42
Malé Košecké Podhradie,018 31,20
Malé Kozmálovce,935 21,30
Malé Krškany,934 01,30
Malé Kršteňany,958 03,43
Malé Lednice,018 16,48
Malé Leváre,908 74,34
Malé Ludince,937 01,30
Malé Orvište,922 01,45
Malé Ostratice,956 34,43
Malé Ozorovce,078 01,68
Malé Raškovce,072 17,37
Malé Ripňany,956 07,67
Malé Stankovce,913 11,69
Malé Straciny,990 01,73
Malé Teriakovce,980 51,53
Malé Trakany,076 42,68
Malé Uherce,958 03,43
Malé Vozokany,951 82,75
Malé Zalužice,072 34,37
Malé Zálužie,951 24,40
Malé Zlievce,991 22,73
Málinec,985 26,46
Malinová,972 13,50
Malinovec,935 87,30
Malinovo,900 45,57
Malinô Brdo,034 01,55
Malužiná,032 34,32
Malý Báb,951 34,40
Malý Biel,900 24,57
Malý Bysterec,026 01,14
Malý Cetín,951 07,40
Malý Čepčín,038 45,71
Malý Horeš,076 52,68
Malý Jatov,941 10,42
Malý Kamenec,076 36,68
Malý Kiar,934 01,30
Malý Kolačín,018 51,20
Malý Krtíš,990 01,73
Malý Lapáš,951 04,40
Malý Lég,930 37,15
Malý Lipník,065 46,63
Malý Madaras,900 44,57
Malý Ostrov,946 03,22
Malý Pesek,937 01,30
Malý Ruskov,075 01,68
Malý Slavkov,060 01,21
Malý Slivník,082 67,49
Malý Šariš,080 01,49
Malženice,919 29,70
Maňa,941 45,42
Mangútovo,962 05,13
Mankovce,951 91,75
Marcelová,946 32,22
Marček,013 32,79
Margecany,055 01,17
Marhaň,086 45,4
Marianka,900 33,34
Markovce,072 06,37
Markuška,049 34,54
Markušovce,053 21,62
Maršová,013 51,11
Martin,036 01,35
Svätý Martin,903 01,57
Martin nad Žitavou,953 01,75
Martinček,034 95,55
Martinová,951 88,40
Martinová,980 41,53
Martovce,947 01,22
Marušová,935 33,30
Maslovce,930 39,15
Masníkovo,930 36,15
Maša,985 22,46
Mašková,985 11,33
Maškovce,067 32,19
Maštinec,987 01,46
Matejovce,059 51,47
Matejovce nad Hornádom,053 21,62
Matejovec,916 16,38
Matiaška,094 31,74
Matiašovce,059 04,21
Matovce,090 42,65
Maťovské Vojkovce,079 01,37
Matušíková,972 28,50
Matúškovo,925 01,16
Matysová,065 46,63
Mazorníkovo,977 03,10
Mečedelovce,053 14,31
Medné,020 61,51
Meďov,071 01,37
Medovarce,962 65,28
Medvecké,935 41,30
Medvedie,090 05,65
Medveďov,930 07,15
Medveďovo,976 52,10
Medvedzie,027 44,72
Medzany,082 21,49
Medzev,044 25,27
Medzianky,094 31,74
Medzibrod,976 96,2
Medzibrodie,065 22,63
Medzibrodie nad Oravou,026 01,14
Medzihradné,026 01,14
Medzilaborce,068 01,36
Mechenice,951 46,40
Melčice,913 05,69
Melek,952 01,40
Meliata,049 12,54
Mengusovce,059 36,47
Merašice,920 61,18
Merník,094 23,74
Merovce,962 71,28
Mestečko,020 52,51
Mestisko,090 41,65
Mičakovce,087 01,65
Mierovo,930 41,15
Miezgovce,957 01,1
Miháľov,085 01,4
Michajlov,067 73,60
Michal na Ostrove,930 35,15
Michal nad Žitavou,941 62,42
Michaľany,076 14,68
Michalková,962 61,76
Michalok,094 23,74
Michalová,976 57,10
Michalovce,071 01,37
Miklušovce,082 44,49
Mikolčany,049 13,52
Miková,090 24,64
Mikšová,014 01,11
Mikula,937 01,30
Mikulášov,908 76,58
Mikulášov Sad,946 34,22
Mikulášová,086 36,4
Mikušovce,018 57,20
Mikušovce,984 01,33
Milhosť,044 58,27
Milhostov,075 01,68
Milinovice,929 01,15
Milochov,017 06,48
Miloslavov,900 42,57
Milošová,022 01,12
Milovaná,071 01,37
Milpoš,082 71,56
Miňovce,090 32,64
Mirkovce,082 06,49
Miroľa,090 05,65
Miškech Dedinka,916 12,41
Mládzovo,985 02,46
Mláky,985 45,13
Mliečany,929 01,15
Mliečno,931 01,15
Mlyňany,951 76,75
Mlynárce,949 01,40
Mlynárovce,090 16,65
Mlynčeky,059 76,21
Mlynica,059 91,47
Mlynky,053 76,62
Mlynský Sek,941 02,42
Mníchova Lehota,913 21,69
Mníšany,049 16,52
Mníšek nad Hnilcom,055 64,17
Mníšek nad Popradom,065 22,63
Moča,946 37,22
Močarany,071 01,37
Močarmany,082 53,49
Močenok,951 31,66
Močiar,969 82,3
Močiare,020 62,51
Močidlá,072 51,61
Močidľany,082 63,56
Modlatín,018 03,48
Modra,900 01,44
Modra nad Cirochou,067 82,19
Modranka,917 05,70
Modrany,946 33,22
Modrová,916 35,41
Modrovka,916 35,41
Modrý Kameň,992 01,73
Mochovce elektráreň,935 39,30
Mojín,979 01,53
Mojmírovce,951 15,40
Mojš,010 01,79
Mojšová Lúčka,010 01,79
Mojtín,020 72,51
Mojzesovo,941 04,42
Mokrá Lúka,050 01,52
Mokraď,026 01,14
Mokrance,045 01,27
Mokroluh,086 01,4
Mokrý Háj,908 65,59
Moldava nad Bodvou,045 01,27
Moravany,072 03,37
Moravany nad Váhom,922 21,45
Moravské Kračany,930 03,15
Moravské Lieskové,916 42,41
Moravský Svätý Ján,908 71,58
Morovno,972 31,50
Most pri Bratislave,900 46,57
Mostište,020 51,51
Mostová,925 07,16
Moškovec,038 44,71
Mošovce,038 21,71
Mošovce,916 26,41
Moštenica,976 13,2
Mošurov,082 67,49
Motešice,913 26,69
Motyčky,976 02,2
Môlča,974 01,2
Môťová,960 01,76
Mrázovce,090 34,64
Mrzáčka,029 57,39
Mučín,985 31,33
Mudroňovo,946 32,22
Mudrovce,044 47,27
Muľa,991 22,73
Muľka,985 31,33
Muráň,049 01,52
Muránska Dlhá Lúka,050 01,52
Muránska Huta,049 01,52
Muránska Lehota,049 01,52
Muránska Zdychava,050 01,52
Mútňanská Píla,029 63,39
Mútne,029 63,39
Mužla,943 52,42
Myjava,,38
Myslenice,902 03,44
Myslina,066 01,19
Mýtna,985 53,33
Mýtna Nová Ves,956 11,67
Mýtne Ludany,935 56,30
Mýto pod Ďumbierom,976 44,10
Nacina Ves,072 21,37
Nadabula,048 01,54
Nadlice,956 32,43
Ňagov,068 01,36
Naháč,919 65,70
Nálepkovo,053 33,17
Námestovo,029 01,39
Nána,943 60,42
Nandraž,049 61,52
Ňárad,930 06,15
Návojovce,958 04,43
Nebojsa,924 01,16
Necpaly,038 12,35
Nedanovce,958 43,43
Nedašovce,956 35,1
Neded,925 85,66
Nededza,013 02,79
Nedelište,985 13,33
Nedožery,972 12,50
Nedožery - Brezany,972 12,50
Nechválova Polianka,067 33,19
Nekyje na Ostrove,930 25,15
Nemce,974 01,2
Nemcovce,082 12,49
Nemcovce,086 12,4
Nemčice,955 01,67
Nemčiňany,951 81,75
Nemecká,976 97,10
Nemečky,956 22,67
Nemešany,053 02,31
Nemšová,914 41,69
Nenince,991 26,73
Neporadza,913 26,69
Neporadza,980 45,53
Neresnica,960 01,76
Nesluša,023 41,29
Nesvady,946 51,22
Neverice,951 72,75
Nevidzany,951 62,75
Nevidzany,972 27,50
Nevoľné,967 01,78
Nezbudská Lúčka,013 24,79
Niereše,082 06,49
Nimnica,020 71,51
Nitra,,40
Nitra - Staré Mesto,949 01,40
Nitra nad Ipľom,985 57,33
Nitrianska Blatnica,956 05,67
Nitrianska Streda,956 16,67
Nitrianske Hrnčiarovce,951 01,40
Nitrianske Pravno,972 13,50
Nitrianske Rudno,972 26,50
Nitrianske Sučany,972 21,50
Nitriansky Hrádok,942 01,42
Nitrica,972 22,50
Nixbrod,934 01,30
Nižná,027 43,72
Nižná,922 06,45
Nižná Boca,032 34,32
Nižná Hutka,040 18,27
Nižná Jablonka,067 34,19
Nižná Jedľová,089 01,65
Nižná Kaloša,982 52,53
Nižná Kamenica,044 45,27
Nižná Korňa,023 21,12
Nižná Myšľa,044 15,27
Nižná Olšava,090 32,64
Nižná Pisaná,090 01,65
Nižná Pokoradz,979 01,53
Nižná Polianka,086 36,4
Nižná Revúca,034 74,55
Nižná Rybnica,073 01,61
Nižná Sitnica,094 07,19
Nižná Slaná,049 23,54
Nižná Šebastová,080 06,49
Nižná Šuňava,059 39,47
Nižná Vladiča,090 23,64
Nižná Voľa,086 21,4
Nižné Kamence,013 06,79
Nižné Ladičkovce,067 11,19
Nižné Matiašovce,032 23,32
Nižné Nemecké,072 52,61
Nižné Raslavice,086 41,4
Nižné Repaše,053 71,31
Nižné Ružbachy,065 02,63
Nižné Valice,982 52,53
Nižnoslanská Baňa,049 23,54
Nižný Čaj,044 16,27
Nižný Hrabovec,094 21,74
Nižný Hrušov,094 22,74
Nižný Kelčov,023 55,12
Nižný Klátov,044 12,27
Nižný Komárnik,090 05,65
Nižný Kručov,093 01,74
Nižný Lánec,044 73,27
Nižný Medzev,044 25,27
Nižný Mirošov,090 11,65
Nižný Orlík,090 11,65
Nižný Skálnik,980 52,53
Nižný Slavkov,082 75,56
Nižný Sliač,034 84,55
Nižný Tvarožec,086 02,4
Nižný Žipov,076 17,68
Nolčovo,038 54,35
Norovce,956 38,67
Nosice,020 01,51
Nová Baňa,968 01,77
Nová Bašta,980 34,53
Nová Bošáca,913 08,41
Nová Bystrica,023 05,12
Nová Dedina,935 25,30
Nová Dedinka,900 29,57
Nová Dubnica,018 51,20
Nová Kelča,094 04,74
Nová Lehota,916 35,41
Nová Lehota,972 51,50
Nová Lesná,059 86,47
Nová Lipnica,900 42,57
Nová Ľubovňa,065 11,63
Nová Maša,976 69,10
Nová Osada,943 42,42
Nová Osada,945 01,22
Nová Polhora,044 44,27
Nová Polianka,059 83,47
Nová Polianka,089 01,65
Nová Sedlica,067 68,60
Nová Stráž,945 04,22
Nová Trstená,947 03,22
Nová Ves,991 05,73
Nová Ves nad Váhom,916 31,41
Nová Ves nad Žitavou,951 51,40
Nová Ves pri Dunaji,900 29,57
Nová Vieska,943 42,42
Nová Vieska pri Bodrogu,076 35,68
Nováčany,044 21,27
Nováčany,049 13,52
Nováky,972 71,50
Nové Hony,985 42,33
Nové Košariská,900 42,57
Nové Mesto nad Váhom,915 01,41
Nové Osady,925 22,16
Nové Sady,951 24,40
Nové Zámky,940 02,42
Novosad,076 02,68
Novoť,029 55,39
Novotský Duľov,029 63,39
Novoveská Huta,053 31,62
Nový Diel,946 54,22
Nový Dvor,935 77,30
Nový Gúg,940 02,42
Nový Majer,075 01,68
Nový Ruskov,075 01,68
Nový Sad,985 41,33
Nový Salaš,044 17,27
Nový Smokovec,062 01,47
Nový Svet,903 01,57
Nový Svet,985 45,13
Nový Tekov,935 33,30
Nový Život,930 38,15
Nozdrovice,018 64,20
Nýrovce,935 67,30
Obeckov,991 05,73
Obid,943 04,42
Obišovce,044 81,27
Oblazov,013 61,11
Oborín,076 75,37
Obručná,985 58,33
Obručné,065 42,63
Obsolovce,956 08,67
Obyce,951 95,75
Očkov,916 22,41
Očová,962 23,76
Odorín,053 22,62
Ohrady,930 12,15
Ohradzany,067 22,19
Ochodnica,023 35,29
Ochtiná,049 35,54
Okánikovo,946 21,22
Okoč,930 28,15
Okoličná na Ostrove,946 13,22
Okoličné,031 04,32
Okrúhle,090 42,65
Okružná,082 12,49
Olcnava,053 61,62
Oľdza,930 39,15
Olejníkov,082 57,56
Olešná,023 52,12
Olichov,951 87,75
Oľka,067 04,36
Olováry,991 22,73
Oľšavce,086 46,4
Oľšavica,053 73,31
Oľšavka,053 61,62
Oľšavka,090 22,64
Olšina,075 01,68
Oľšinkov,067 16,36
Oľšov,082 76,56
Olšovany,044 19,27
Omastiná,956 41,1
Omšenie,914 43,69
Onča,076 52,68
Ondavka,086 36,4
Ondavské Matiašovce,094 01,74
Ondrašová,038 22,71
Ondrašovce,082 33,49
Ondrej,059 12,47
Ondrej nad Hronom,976 62,2
Ondrejovce,935 51,30
Ondrochov,941 02,42
Opátka,044 65,27
Opatová,911 01,69
Opatová,935 25,30
Opatová,984 01,33
Opatovce,913 11,69
Opatovce - Výčapy,951 44,40
Opatovce nad Nitrou,972 02,50
Opatové Moravce,962 71,28
Opatovská Nová Ves,991 07,73
Opatovský Sokolec,930 28,15
Opava,991 25,73
Opiná,044 47,27
Opoj,919 32,70
Oponice,956 14,67
Oravce,976 33,2
Orávka,980 42,53
Oravská Jasenica,029 64,39
Oravská Lesná,029 57,39
Oravská Polhora,029 47,39
Oravská Poruba,027 54,14
Oravské Veselé,029 62,39
Oravský Biely Potok,027 42,72
Oravský Podzámok,027 41,14
Ordzovany,053 06,31
Orechová,072 51,61
Orechová Potôň,930 02,15
Orechová Potôň - Lúky,930 52,15
Orechové,911 05,69
Oreské,072 23,37
Oreské,908 63,59
Orešany,956 06,67
Orkucany,083 01,56
Orlov,065 43,63
Orlové,017 01,48
Orovnica,966 52,77
Ortáše,044 44,27
Ortov,072 14,37
Ortuťová,086 12,4
Osádka,026 01,14
Osadné,067 34,60
Osikov,086 42,4
Oslany,972 47,50
Osrblie,976 45,10
Ostrá Lúka,962 61,76
Ostrany,980 26,53
Ostratice,956 34,43
Ostrov,072 55,61
Ostrov,922 01,45
Ostrovany,082 22,56
Ostrý Grúň,966 77,77
Osturňa,059 79,21
Osuské,906 12,58
Osušie,991 02,73
Oščadnica,023 01,12
Oškerda,023 32,29
Otrhánky,956 55,1
Otročok,982 62,52
Ovčiarsko,010 04,79
Ovčie,082 38,49
Ozdín,985 24,46
Ožďany,980 11,53
Pác,919 43,70
Pača,049 41,54
Pačérok,946 03,22
Padáň,929 01,15
Padarovce,980 23,53
Paderovce,919 30,70
Pagaňov,018 03,48
Pakostov,094 07,19
Palárikovo,941 11,42
Palcmanská Maša,053 76,62
Palín,072 13,37
Palota,068 01,36
Paľovce,925 92,16
Palúdzka,031 01,32
Paňa,951 05,40
Panické Dravce,985 32,33
Paňovce,044 71,27
Papča,980 23,53
Papín,067 33,19
Paprad,916 01,41
Papradno,018 13,48
Parchovany,076 62,68
Parihuzovce,067 35,60
Párnica,026 01,14
Párovské Háje,949 01,40
Partizánska Ľupča,032 15,32
Partizánske,,43
Partizánske - Šípok,,43
Paseky,985 45,13
Pasiečka,020 53,51
Pastovce,935 74,30
Pastovník,065 44,63
Pastuchov,920 63,18
Pašková,049 32,54
Paština Závada,013 41,79
Pata,925 53,16
Pataš,929 01,15
Patince,946 39,22
Pavčina Lehota,031 01,32
Pavel,945 04,22
Pavľany,053 71,31
Pavlice,919 42,70
Pavlová,943 59,42
Pavlova Ves,032 21,32
Pavlovce,094 31,74
Pavlovce,980 01,53
Pavlovce nad Uhom,072 14,37
Pavlovo,076 35,68
Pažiť,958 03,43
Pažite,023 36,29
Pčoliné,067 35,60
Pečeňady,922 07,45
Pečeňany,956 36,1
Pečenice,935 03,30
Pečovská Nová Ves,082 56,56
Peder,044 05,27
Peklina,013 41,79
Perín,044 74,27
Perín - Chym,044 74,27
Perkovce,951 26,40
Pernek,900 53,34
Petkovce,094 33,74
Peťov,991 06,73
Peťovka,913 26,69
Petrikovce,072 06,37
Petrová,027 05,14
Petrová,086 02,4
Petrova Lehota,913 26,69
Petrova Ves,908 44,59
Petrovany,082 53,49
Petrovce,072 62,61
Petrovce,094 31,74
Petrovce,980 35,53
Petrovce nad Laborcom,071 01,37
Petrovec,985 01,46
Petrovice,013 53,11
Petrovo,049 35,54
Pezinok,,44
Pežerňa,935 55,30
Piesky,072 04,37
Piesok,900 01,44
Piesok,976 81,10
Piešť I,962 12,13
Piešť II,962 12,13
Piešťany,921 01,45
Pichne,069 01,60
Pikovce,059 72,21
Píla,900 89,44
Píla,966 81,77
Píla,985 53,33
Pilhov,065 22,63
Pilhovčík,065 22,63
Pinciná,984 01,33
Pinkovce,072 54,61
Pinkove Kračany,930 03,15
Piskorovce,094 05,74
Pitelová,966 11,78
Pláne,013 53,11
Pláne,072 22,37
Plášťovce,935 82,30
Plavé Vozokany,935 69,30
Plavecké Podhradie,906 36,34
Plavecký Mikuláš,906 35,34
Plavecký Peter,906 35,58
Plavecký Štvrtok,900 68,34
Plaveč,065 44,63
Plavnica,065 45,63
Plechotice,075 01,68
Pleš,985 31,33
Plešivá,027 05,14
Plešivec,049 11,54
Plevník - Drienové,018 26,48
Pliešovce,962 63,76
Ploské,044 44,27
Ploské,982 65,52
Ploštín,031 01,32
Pobedim,916 23,41
Počarová,018 15,48
Počúvadlianske Jazero,969 01,3
Počúvadlo,969 01,3
Pod Braniskom,082 37,49
Pódafa,929 01,15
Podbanské,032 42,32
Podbiel,027 42,72
Podbranč,906 05,58
Podbrezová,976 81,10
Podčičva,094 09,74
Podháj,036 01,35
Podhájska,941 48,42
Podholie,976 64,10
Podhorany,059 93,21
Podhorany,082 12,49
Podhorany,951 46,40
Podhorie,013 18,79
Podhorie,018 54,20
Podhorie,018 61,51
Podhorie,906 11,58
Podhorie,969 82,3
Podhoroď,072 64,61
Podhrabina,082 15,49
Podhradie,038 52,35
Podhradie,955 01,67
Podhradie,972 42,50
Podhradík,080 06,49
Podjavorie (pri Lešti),962 63,76
Podjavorie (pri Pliešovci),962 63,76
Podjavorník,018 13,48
Podkonice,976 13,2
Podkriváň,985 51,13
Podkylava,916 16,38
Podlavice,974 01,2
Podlipníky,094 31,74
Podlužany,935 27,30
Podlužany,956 52,1
Podmanín,017 01,48
Podolie,916 22,41
Podolínec,065 03,63
Podpílie,065 41,63
Podproč,053 73,31
Podrečany,985 54,33
Podsadek,064 01,63
Podskalie,018 22,48
Podspády,059 56,47
Podtureň,033 01,32
Podvažie,017 04,48
Podvažie,018 52,20
Podvrch,916 16,38
Podvysoká,023 57,12
Podzámčok,962 61,76
Podzámok,065 44,63
Podzámok,906 05,58
Podzávoz,022 01,12
Pohorelá,976 69,10
Pohorelská Maša,976 69,10
Pohranice,951 02,40
Pohronská Polhora,976 56,10
Pohronský Bukovec,976 62,2
Pohronský Ruskov,935 62,30
Pochabany,956 38,1
Pokryváč,026 01,14
Poľanovce,053 05,31
Poľany,076 84,68
Polerieka,038 22,71
Poliakovce,086 11,4
Polianka,907 01,38
Polianky,985 45,13
Polichno,985 13,33
Polina,982 62,52
Polkanová (ostatné čísla),976 02,2
"Polkanová (č.d.1,2,3)",974 01,2
Polníky,913 32,69
Poľný Kesov,951 15,40
Polom,981 01,53
Poloma,082 73,56
Polomka,976 66,10
Polomy,962 63,76
Poltár,987 01,46
Poluvsie,013 13,79
Poluvsie,972 16,50
Pondelok,980 13,46
Pongrácovce,053 05,31
Ponická Huta,976 33,2
Ponická Lehôtka,976 33,2
Poniky,976 33,2
Poprad,058 01,47
Poproč,044 24,27
Poproč,982 67,53
Popudinské Močidľany,908 61,59
Poráč,053 23,62
Poriadie,906 22,38
Porostov,072 55,61
Poruba,972 11,50
Poruba pod Vihorlatom,072 32,37
Porúbka,013 11,79
Porúbka,067 41,19
Porúbka,072 61,61
Porúbka,086 12,4
Posádka,920 56,18
Poša,094 21,74
Póšfa,930 34,15
Potočok,991 22,73
Potok,023 56,12
Potok,034 83,55
Potok,982 67,53
Potoky,013 62,11
Potoky,082 71,56
Potoky,091 01,64
Potôčky,091 01,64
Potônské Lúky,930 52,15
Potvorice,916 25,41
Považany,916 26,41
Považská Bystrica,,48
Považská Teplá,017 05,48
Považské Podhradie,017 04,48
Považský Chlmec,010 03,79
Povina,023 33,29
Povoda,929 01,15
Povrazník,976 55,2
Pozba,941 51,42
Pozdišovce,072 01,37
Pôbišovo,976 64,10
Pôtor,991 03,73
Praha,985 11,33
Prakovce,055 62,17
Prašice,956 22,67
Prašník,922 11,45
Pravenec,972 16,50
Pravica,991 21,73
Pravotice,956 35,1
Praznov,017 01,48
Práznovce,955 01,67
Prečín,018 15,48
Predajná,976 63,10
Predjastrabie,013 55,11
Predmier,013 51,11
Predmier,023 54,12
Predná Hora,049 01,52
Predné Halny,977 01,10
Prejta,018 41,20
Prenčov,969 73,3
Preseľany,956 12,67
Preseľany nad Ipľom,936 01,30
Prestavlky,966 01,78
Prešov,,49
Príbelce,991 25,73
Pribeník,076 51,68
Pribeta,946 55,22
Pribiš,027 41,14
Pribišská,029 57,39
Príboj,991 01,73
Príbovce,038 42,35
Pribylina,032 42,32
Priechod,976 11,2
Priekopa,038 61,35
Priekopa,072 61,61
Prieloh,991 02,73
Priepasné,906 15,38
Prietrž,906 11,58
Prietržka,908 49,59
Prievaly,906 34,58
Prievidza,971 01,50
Prievidza - Kopanice,971 01,50
Prievidza - Necpaly,971 01,50
Prievidza - Píly,971 01,50
Prievidza - Staré Mesto,971 01,50
Prievidza - Štvrte,971 01,50
Prievrana,987 01,46
Prihradzany,049 14,52
Príkra,090 05,65
Prílepy,953 05,75
Primovce,059 12,47
Príslop,067 66,60
Prituľany,094 08,19
Proč,082 14,49
Prochot,966 04,78
Prosačov,094 31,74
Prosiek,032 23,32
Prosné,018 01,48
Prostredná Môlča,974 01,2
Prostredný Hámor,053 76,62
Prša,985 41,33
Pruské,018 52,20
Prusy,957 03,1
Pružina,018 22,48
Psiare,966 53,77
Pstriná,090 05,65
Pstruša,962 12,13
Pšurnovice,014 01,11
Ptičie,067 41,19
Ptrukša,076 77,37
Pucov,026 01,14
Púchov,020 01,51
Pukanec,935 05,30
Pustá Ves,922 11,45
Pusté,976 52,10
Pusté Čemerné,072 22,37
Pusté Pole,065 41,63
Pusté Sady,925 54,16
Pusté Úľany,925 28,16
Pustý Chotár,951 75,75
Pušovce,082 14,49
Rabča,029 44,39
Rabčice,029 45,39
Račice,972 22,50
Rad,076 37,68
Radatice,082 42,49
Radava,941 47,42
Radimov,908 47,59
Radiša,956 41,1
Radnovce,980 42,53
Radobica,972 48,50
Radoľa,023 36,29
Radoma,090 42,65
Radošina,956 05,67
Radošovce,908 63,59
Radošovce,919 30,70
Radôstka,023 04,12
Radvaň,974 05,2
Radvaň nad Dunajom,946 38,22
Radvaň nad Laborcom,067 01,36
Radvanovce,094 31,74
Radzovce,985 58,33
Rafajovce,094 05,74
Rajčany,956 32,67
Rajec,015 01,79
Rajecká Lesná,013 15,79
Rajecké Teplice,013 13,79
Rakoľuby,916 31,41
Rákoš,044 16,27
Rákoš,049 61,52
Rákošská Baňa,049 61,52
Raková,023 51,12
Rakovčík,089 01,65
Rakovec,053 76,62
Rakovec,956 41,1
Rakovec,962 65,28
Rakovec nad Ondavou,072 03,37
Rakovice,922 08,45
Rakovnica,049 31,54
Rakovo,038 42,35
Rakša,039 01,71
Rakúsy,059 76,21
Rakytník,980 21,53
Rakytovce,974 05,2
Rankovce,044 45,27
Rapovce,985 31,33
Raslavice,086 41,4
Rasochov,919 05,70
Rastice,930 39,15
Rastislavice,941 10,42
Rašice,982 62,52
Rašov,013 51,11
Ratka,986 01,33
Ratková,982 65,52
Ratkovce,920 42,18
Ratkovo,038 54,35
Ratkovská Lehota,982 65,53
Ratkovská Suchá,982 67,53
Ratkovská Zdychava,982 67,53
Ratkovské Bystré,982 66,52
Ratnovce,922 31,45
Ratvaj,082 66,56
Ráztočno,972 31,50
Ráztoka,018 03,48
Ráztoka,976 97,10
Ráztoky,013 62,11
Ráztoky,027 05,14
Ráztoky,053 32,62
Ražňany,082 61,56
"Reca (č. 380,381,383,384))",903 01,57
Reca (ostatné čísla),925 26,57
Regetovka,086 33,4
Rejdová,049 26,54
Reľov,059 04,21
Remata,972 51,50
Remeniny,094 31,74
Remetské Hámre,072 41,61
Renčišov,082 63,56
Repákovci,913 33,69
Repejov,067 04,36
Repište,966 03,78
Repištia,982 65,52
Rešica,044 73,27
Rešov,086 21,4
Revišné,027 54,14
Revištské Podzámčie,966 81,77
Revúca,050 01,52
Revúcka Lehota,049 18,52
Revúčka,050 01,52
Ridzina,072 16,37
"Riečka, ulica Nevoľné",976 34,2
"Riečka, ostatné ulice",974 01,2
Riečka,980 45,53
Riečky,023 22,12
Riečnica,023 05,12
Rieka,022 01,12
Richnava,053 51,17
Richvald,085 01,4
Rimavská Baňa,980 53,53
Rimavská Píla,980 61,53
Rimavská Seč,980 42,53
Rimavská Sobota,979 01,53
Rimavské Brezovo,980 54,53
Rimavské Janovce,980 01,53
Rimavské Zalužany,980 53,53
Rišňovce,951 21,40
Rohov,906 04,58
Rohovce,930 30,15
Rohožnica,935 34,30
Rohožník,094 07,19
Rohožník,906 38,34
Rochovce,049 36,54
Rojkov,034 92,55
Rokycany,082 41,49
Rokytov,086 01,4
Rokytov pri Humennom,067 13,19
Rokytovce,068 01,36
Rosina,013 22,79
Roškovce,053 02,31
Roškovce,067 02,36
Roštár,049 35,54
Rovensko,905 01,58
Rovinka,900 41,57
Rovňany,985 24,46
Rovné,018 03,48
Rovné,067 32,19
Rovné,090 16,65
Rovné,982 67,53
Rozbehy,906 33,58
Rozhanovce,044 42,27
Rozina,937 01,30
Rozložná,049 32,54
Roztoky,090 11,65
Rozvadze,913 11,69
Rožkovany,082 71,56
Rožňava,048 01,54
Rožňavská Baňa,048 01,54
Rožňavské Bystré,049 31,54
Rožňová Neporadza,913 26,69
Rožňové Mitice,913 22,69
Rúbaň,941 36,42
Rudica,972 48,50
Rudina,023 31,29
Rudinka,023 31,29
Rudinská,023 31,29
Rudlov,094 35,74
Rudlová,974 11,2
Rudná,048 01,54
Rudňany,053 23,62
Rudnianska Lehota,972 26,50
Rudník,044 23,27
Rudník,906 23,38
Rudno,038 22,71
Rudno nad Hronom,966 51,77
Rumanová,951 37,40
Rumince,980 50,53
Runina,067 65,60
Ruská,076 77,37
Ruská Bystrá,072 64,61
Ruská Kajňa,094 07,19
Ruská Nová Ves,080 05,49
Ruská Poruba,094 08,19
Ruská Voľa,094 31,74
Ruská Voľa nad Popradom,065 42,63
Ruská Volová,067 72,60
Ruské Pekľany,082 42,49
Ruskov,044 19,27
Ruskovce,072 42,61
Ruskovce,956 54,1
Ruský Hrabovec,072 64,61
Ruský Potok,067 66,60
Ružbachy - kúpele,065 02,63
Ružiná,985 52,33
Ružindol,919 61,70
Ružomberok,,55
Ružová dolina,919 01,70
Ružová Osada,985 42,46
Rybany,956 36,1
Rybáre,962 31,76
Rybárie,023 22,12
Rybárpole,034 01,55
Rybky,906 04,58
Rybník,935 23,30
Rybník,982 65,52
Rybníky,916 11,41
Rychňava,969 01,3
Rykynčice,962 55,28
Sabinov,083 01,56
Sabová,979 01,53
Sačurov,094 13,74
Sádočné,018 16,48
Sádok,958 44,43
Sady nad Torysou,044 41,27
Salajka,985 03,46
Salka,943 61,42
Salvátor,082 36,49
Sampor,962 31,76
Santovka,935 87,30
Sap,930 06,15
Sása,930 37,15
Sása,962 62,76
Sása,982 65,52
Sasinkovo,920 65,18
Sásová,974 11,2
Savčina,018 52,20
Sazdice,935 85,30
Sebedín,974 01,2
Sebedín - Bečov,974 01,2
Sebedražie,972 05,50
Sebechleby,962 66,28
Seč,972 26,50
Sečianky,991 10,73
Sečovce,078 01,68
Sečovská Polianka,094 14,74
Sedliacka Dubová,027 55,14
Sedlice,082 43,49
Sedličná,913 11,69
Sedliská,094 09,74
Sedmerovec,018 54,20
Sejkov,072 51,61
Sekule,908 80,58
Seľany,991 27,73
Selce,962 51,28
Selce,976 11,2
Selce,980 13,46
Selec,913 36,69
Seleška,044 71,27
Selešťany,991 06,73
Selice,925 72,66
Semerovo,941 32,42
Semeteš,023 55,12
Seňa,044 58,27
Senec,903 01,57
Seniakovce,082 03,49
Senica,905 01,58
Senica,974 01,2
Senné,072 13,37
Senné,991 01,73
Senohrad,962 43,28
Sereď,926 01,16
Setechov,013 53,11
Severná,080 06,49
Sielnica,962 31,76
Sigord,082 52,49
Sihelné,029 46,39
Sihelník,022 04,12
Sihla,976 53,10
Sikenica,937 01,30
Sikenička,943 59,42
Sila,951 24,40
Siladice,920 52,18
Silica,049 52,54
Silická Brezová,049 11,54
Silická Jablonica,049 43,54
Sirk,049 64,52
Sirník,076 03,68
Sitnianska,969 01,3
Sitnianska Lehôtka,962 65,28
Sitník,091 01,64
Skačany,958 53,43
Skala,913 31,69
Skalica,909 01,59
Skalica,976 81,10
Skalité,023 14,12
Skalka nad Váhom,913 31,69
Skalská Nová Ves,913 31,69
Skároš,044 11,27
Skerešovo,982 62,52
Sklabiná,991 05,73
Sklabiňa,038 03,35
Sklabinský Podzámok,038 03,35
Sklené,038 47,71
Sklené Teplice,966 03,78
Skliarovo,962 12,13
Skrabské,094 33,74
Skubín,974 01,2
Skýcov,951 85,75
Sládkovičovo,925 21,16
Slaná Lehota,987 01,46
Slančík,044 17,27
Slanec,044 17,27
Slanec,962 05,13
Slanická Osada,029 01,39
Slanská Huta,044 17,27
Slanské Nové Mesto,044 18,27
Slaská,966 22,78
Slatina,935 84,30
Slatina nad Bebravou,956 53,1
Slatinka,962 01,76
Slatinka nad Bebravou,956 53,1
Slatinské Lazy,962 25,13
Slatvina,053 61,62
Slavec,049 11,54
Slavkovce,072 17,37
Slavnica,018 54,20
Slavoška,049 34,54
Slavošovce,049 36,54
Sľažany,951 71,75
Slepčany,951 52,75
Sliač,962 31,76
Sliač - kúpele,962 31,76
Sliačska Podpoľana,962 25,13
Sliepkovce,072 37,37
Slivník,076 12,68
Slizké,980 23,53
Slopkov,013 54,11
Slopná,018 21,48
Slovany,038 43,35
Slovenská Kajňa,094 02,74
Slovenská Ľupča,976 13,2
Slovenská Nová Ves,919 42,70
Slovenská Ves,059 02,21
Slovenská Volová,067 22,19
Slovenské Ďarmoty,991 07,73
Slovenské Kľačany,991 02,73
Slovenské Krivé,067 13,19
Slovenské Nové Mesto,076 33,68
Slovenské Pole,925 41,16
Slovenské Pravno,038 22,71
Slovenský Grob,900 26,44
Slovinky,053 40,62
Smilno,086 33,4
Smižany,053 11,62
Smolenice,919 04,70
Smolenická Nová Ves,919 04,70
Smolinské,908 42,58
Smolnícka Huta,055 65,17
Smolník,055 66,17
Smrdáky,906 03,58
Smrečany,032 05,32
Snakov,086 06,4
Snežnica,023 32,29
Snina,069 01,60
Snohy,962 05,13
Soblahov,913 38,69
Soboš,090 42,65
Sobotište,906 05,58
Sobôtka,979 01,53
Sobrance,073 01,61
Sobranecké Kúpele,073 01,61
Socovce,038 43,35
Sokoľ,044 31,27
Sokoľany,044 57,27
Sokolce,946 17,22
Sokolce - lúky,946 14,22
Sokolníky,951 46,40
Sokolovce,922 31,45
Soľ,094 35,74
Solčany,956 17,67
Solčianky,956 38,67
Solivar,080 05,49
Solka,972 13,50
Soľné,013 62,11
Soľnička,076 53,68
Soľník,090 31,64
Sološnica,906 37,34
Somorova Ves,972 25,50
Somotor,076 35,68
Sopkovce,067 22,19
Sotina,905 01,58
Spišská Belá,059 01,21
Spišská Nová Ves,,62
Spišská Sobota,058 01,47
Spišská Stará Ves,061 01,21
Spišská Teplica,059 34,47
Spišské Bystré,059 18,47
Spišské Hanušovce,059 04,21
Spišské Podhradie,053 04,31
Spišské Tomášovce,052 01,62
Spišské Vlachy,053 61,62
Spišský Hrhov,053 02,31
Spišský Hrušov,053 63,62
Spišský Štiavnik,059 14,47
Spišský Štvrtok,053 14,31
Srňacie,026 01,14
Stakčín,067 61,60
Stakčínska Roztoka,067 61,60
Stanáková,972 28,50
Stanča,076 16,68
Stankovany,034 92,55
Stankovce,072 21,37
Stankovce,076 61,68
Stará Bašta,980 34,53
Stará Bystrica,023 04,12
Stará Gala,930 34,15
Stará Halič,985 11,33
Stará Huta,962 25,13
Stará Huta,968 01,77
Stará Kremnička,965 01,78
Stará Lehota,916 35,41
Stará Lesná,059 52,21
Stará Ľubovňa,064 01,63
Stará Myjava,907 01,38
Stará Turá,916 01,41
Stará Voda,053 34,17
Staré,072 23,37
Staré Hory,976 02,2
Starina,065 46,63
Starňa,982 01,52
Starý Hrádok,935 56,30
Starý Smokovec,062 01,47
Starý Tekov,935 26,30
Staškov,023 53,12
Staškovce,090 23,64
Stebnícka Huta,086 33,4
Stebník,086 33,4
Stolečné,013 32,79
Stolečné,018 03,48
Stošice,031 04,32
Stotince,059 94,21
Stožok,962 12,13
Stráňany,065 33,63
Stráňavy,013 25,79
Stráne pod Tatrami,059 76,21
Stránska,982 51,53
Stránske,013 13,79
Stratená,049 71,54
Stráža,013 04,79
Stráže nad Myjavou,908 41,58
Stráže pod Tatrami,058 01,47
Strážky,059 01,21
Strážne,076 52,68
Strážov,010 01,79
Strážske,072 22,37
Strečno,013 24,79
Streda nad Bodrogom,076 31,68
Stredná Revúca,034 74,55
Stredné Plachtince,991 24,73
Stredné Turovce,935 81,30
Stredný Sliač,034 84,55
Strekov,941 37,42
Strelenka,020 54,51
Strelnice,982 62,53
Strelníky,976 55,2
Stretava,072 13,37
Stretavka,072 13,37
Streženice,020 01,51
Striežovce,980 25,53
Strihovce,067 73,60
Stročín,089 01,65
Stropkov,091 01,64
Studená,980 34,53
Studené,900 46,57
Studenec,053 04,31
Studenec,972 28,50
Studienka,908 75,34
Studničná,034 96,55
Stuľany,086 43,4
Stupava,900 31,34
Stupné,018 12,48
Sučany,038 52,35
Sudince,962 71,28
Súdovce,962 71,28
Suchá,090 23,64
Suchá Dolina,082 43,49
Suchá Hora,027 13,72
Suchá nad Parnou,919 01,70
Sucháň,991 35,73
Suché,071 01,37
Suché Brezovo,991 03,73
Suchohrad,900 64,34
Sukov,067 02,36
Suľany,951 25,40
Sulín,065 46,63
Súľov,013 52,11
Súlovce,956 14,67
Súš,916 01,41
Sušany,980 12,46
Sútor,980 01,53
Svarín,032 33,32
Svätá Mária,076 35,68
Svätoplukovo,951 16,40
Svätuš,072 55,61
Svätuša,941 48,42
Svätuše,076 83,68
Svätý Anton,969 72,3
Svätý Jur,900 21,44
Svätý Kríž,032 11,32
Svätý Kríž,935 25,30
Svätý Peter,946 57,22
Svederník,013 32,79
Sverepec,017 01,48
Sveržov,086 02,4
Svetlá,980 52,53
Svetlice,067 16,36
Svidnička,090 02,65
Svidník,089 01,65
Svinia,082 32,49
Svinica,044 45,27
Svinice,076 37,68
Svinná,913 24,69
Svit,059 21,47
Svodín,943 54,42
Svodov,937 01,30
Svrbice,956 06,67
Svrčinovec,023 12,12
Sykavka,053 76,62
Šahy,936 01,30
Šajby,972 41,50
Šajdíkove Humence,906 07,58
Šaľa,,66
Šalgočka,925 54,16
Šalgovce,956 06,67
Šalgovík,080 01,49
Šalková,974 01,2
Šalov,935 71,30
Šamaja,022 01,12
Šambron,065 45,63
Šamorín,931 01,15
Šamudovce,072 01,37
Šance,916 42,41
Šandal,091 01,64
Šándorhalma,935 33,30
Šankovce,982 62,52
Šapinec,090 42,65
Šára,985 32,33
Šarbov,090 05,65
Šarišská Poruba,082 12,49
Šarišská Trstená,082 14,49
Šarišské Bohdanovce,082 05,49
Šarišské Čierne,086 37,4
Šarišské Dravce,082 73,56
Šarišské Jastrabie,065 48,63
Šarišské Lúky,080 06,49
Šarišské Lužianky,082 32,49
Šarišské Michaľany,082 22,56
Šarišské Sokolovce,082 66,56
Šarišský Štiavnik,090 42,65
Šarkan,943 42,42
Šarovce,935 52,30
Šašová,086 12,4
Šášovské Podhradie,965 01,78
Šaštín,908 41,58
Šaštín - Stráže,908 41,58
Šávoľ,985 41,33
Šebešťanová,017 04,48
Šelpice,919 09,70
Šemetkovce,090 03,65
Šemša,044 21,27
Šenkvice,900 81,44
Šiatorská Bukovinka,985 58,33
Šiba,086 22,4
Šíd,986 01,33
Šimonovce,980 03,53
Šindliar,082 36,49
Šintava,925 51,16
Šipice,962 68,28
Šípkov,956 53,1
Šípkové,922 03,45
Šipošovské Kračany,930 03,15
Širákov,991 27,73
Širkovce,980 02,53
Široká,027 41,14
Široké,082 37,49
Šišov,956 38,1
Šivetice,049 14,52
Škoruby,013 54,11
Škrabáka,022 04,12
Škriavnik,991 25,73
Škrípov,972 28,50
Šmigovec,067 73,60
Šoltýska,985 07,46
Šopora,022 01,12
Šoporňa,925 52,16
Špačince,919 51,70
Špania Dolina,974 01,2
Španie Pole,980 23,53
Šrobárová,946 32,22
Štále,968 01,77
Štefan,941 37,42
Štefanov,906 45,58
Štefanov nad Oravou,027 44,72
Štefanová,900 86,44
Štefanovce,082 35,49
Štefanovce,094 01,74
Štefanovičová,951 15,40
Štefanská Huta,053 51,17
Štefultov,969 01,3
Štefurov,090 42,65
Šterusy,922 03,45
Štiavnické Bane,969 81,3
Štiavnička,034 01,55
Štiavnička,976 81,2
Štiavnik,013 55,11
Štiefleje,972 48,50
Štitáre,951 01,40
Štítnik,049 32,54
Štoliansko,962 05,13
Štós,044 26,27
Štós - kúpele,044 26,27
Štôla,059 37,47
Štrba,059 38,47
Štrbské Pleso,059 85,47
Štrkovec,925 52,16
Štrkovec,980 45,53
Štubne,976 02,2
Štúrová,946 13,22
Štúrovo,,42
Štvrtok,913 05,69
Štvrtok na Ostrove,930 40,15
Šuja,015 01,79
Šuľa,991 01,73
Šuľany,930 33,15
Šulekovo,920 03,18
Šumiac,976 71,10
Šuňava,059 39,47
Šurany,942 01,42
Šurianky,951 26,40
Šurice,980 33,33
Šúrovce,919 25,70
Šutovce,972 01,50
Šútovo,038 54,35
Švábolka,976 69,10
Švábovce,059 12,47
Švedlár,053 34,17
Švošov,034 91,55
Švrčkov Jarok,906 05,58
Ťahyňa,072 14,37
Tachty,980 34,53
Tajná,952 01,40
Tajov,976 34,2
Taľka,082 12,49
Tanečník,029 57,39
Ťapešovo,029 51,39
Ťapkové,922 08,45
Tarnov,086 01,4
Tašuľa,072 52,61
Tatranská Javorina,059 56,47
Tatranská Kotlina,059 54,47
Tatranská Lesná,059 60,47
Tatranská Lomnica,059 60,47
Tatranská Polianka,062 01,47
Tatranská Štrba,059 41,47
Tatranské Matliare,059 60,47
Tatranské Zruby,062 01,47
Tehla,935 35,30
Tekolďany,920 62,18
Tekovská Breznica,966 52,77
Tekovská Nová Ves,935 25,30
Tekovské Lužany,935 41,30
Tekovské Nemce,966 54,75
Tekovský Hrádok,935 51,30
Telgárt,976 73,10
Telince,951 61,40
Temeš,972 29,50
Teplá,969 82,3
Tepličany,044 31,27
Teplička,052 01,62
Teplička nad Váhom,013 01,79
Tepličky,920 66,18
Teplý Vrch,980 23,53
Terany,962 68,28
Terchová,013 06,79
Teriakovce,080 05,49
Terňa,082 67,49
Tesáre,956 21,67
Tesáre nad Žitavou,951 76,75
Tesárske Mlyňany,951 76,75
Tešedíkovo,925 82,66
Tešmák,936 01,30
Tiba,049 12,54
Tibava,073 01,61
Tichá Voda,053 33,17
Tichý Potok,082 74,56
Timoradza,956 52,1
Tisinec,091 01,64
Tisovec,980 61,53
Tlmače,935 21,30
Tlstá Hora,018 54,20
Töböréte,929 01,15
Točnica,985 22,33
Tokajík,090 34,64
Tomášikovo,925 04,16
Tomášov,900 44,57
Tomášovce,980 21,53
Tomášovce,985 56,33
Tomčany,036 01,35
Tonkovce,930 38,15
Topoľa,067 65,60
Topoľany,071 01,37
Topoľčany,,67
Topoľčianky,951 93,75
Topolecká,916 01,41
Topoľnica,925 92,16
Topoľníky,930 11,15
Topoľovka,067 45,19
Toporec,059 95,21
Tornaľa,982 01,52
Torysa,082 76,56
Torysky,053 71,31
Tovarné,094 01,74
Tovarnianska Polianka,094 01,74
Tovarníky,955 01,67
Tôň,946 15,22
Trakovice,919 33,18
Trávnica,941 46,42
Trávnik,946 19,22
Trebatice,922 10,45
Trebejov,044 81,27
Trebeľovce,985 31,33
Trebichava,956 53,1
Trebišov,075 01,68
Trebostovo,038 41,35
Trebušovce,991 27,73
Trenč,985 32,33
Trenčianska Teplá,914 01,69
Trenčianska Turná,913 21,69
Trenčianska Závada,914 41,69
Trenčianske Bohuslavice,913 07,41
Trenčianske Jastrabie,913 22,69
Trenčianske Mitice,913 22,69
Trenčianske Stankovce,913 11,69
Trenčianske Teplice,914 51,69
Trenčín,,69
Trhová Hradská,930 13,15
Trhovište,072 04,37
Trhyňa,937 01,30
Trnava,,70
Trnavá Hora,966 11,78
Trnava pri Laborci,072 31,37
Trnávka,078 01,68
Trnávka,913 33,69
Trnávka,930 32,15
Tŕnie,962 34,76
Trnkov,082 12,49
Trnové,010 01,79
Trnovec,908 51,59
Trnovec nad Váhom,925 71,66
Trnovo,038 41,35
Tročany,086 41,4
Trojačka,023 56,12
Trpín,962 44,28
Trsťany,044 45,27
Trsťany,053 63,62
Trstená,028 01,72
Trstená na Ostrove,930 04,15
Trstené,032 21,32
Trstené pri Hornáde,044 11,27
Trstice,925 42,16
Tŕstie,018 22,48
Trstín,919 05,70
Trubín,966 23,78
Tuhár,985 12,33
Tuhrina,082 07,49
Tuchyňa,018 55,20
Tulčík,082 13,49
Tunežice,018 63,20
Tupá,935 84,30
Turá,935 51,30
Turá Lúka,907 03,38
Turany,038 53,35
Turany nad Ondavou,090 33,64
Turcovce,067 23,19
Turček,038 48,71
Turčianky,958 44,43
Turčianska Štiavnička,038 51,35
Turčianske Jaseno,038 02,35
Turčianske Kľačany,038 61,35
Turčianske Teplice,039 01,71
Turčiansky Ďur,038 43,35
Turčiansky Michal,039 01,71
Turčiansky Peter,038 41,35
Turčok,049 18,52
Turecká,976 02,2
Tureň,903 01,57
Turíčky,985 22,46
Turie,013 12,79
Turík,034 83,55
Turkov,023 54,12
Turňa nad Bodvou,044 02,27
Turnianska Nová Ves,044 02,27
Turová,962 34,76
Turzovka,023 54,12
Tušice,072 02,37
Tušická Nová Ves,072 02,37
Tužina,972 14,50
Tvarožná,032 23,32
Tvarožná,059 71,21
Tvrdomestice,956 22,67
Tvrdošín,027 44,72
Tvrdošovce,941 10,42
U Hluška,022 01,12
U Holých,023 11,12
U Kľukov,023 11,12
U Kordišov,023 11,12
U Polievkov,023 11,12
U Rulcov,023 11,12
U Siheľnika,022 01,12
Ubľa,067 73,60
Úbrež,072 42,61
Udavské,067 31,19
Uderiná,985 54,33
Udiča,018 01,48
Udička,018 03,48
Údol,065 45,63
Uhliská,935 05,30
Úhorná,055 66,17
Uhorská Ves,032 03,32
Uhorské,985 25,46
Uhrovec,956 41,1
Uhrovské Podhradie,956 41,1
Újazd,913 31,69
Uľanka,974 01,2
Úľany nad Žitavou,941 03,42
Ulič,067 67,60
Uličské Krivé,067 67,60
Uloža,053 71,31
Uňatín,962 41,28
Unín,908 46,59
Upohlav,018 01,48
Úpor,076 16,68
Urmince,956 02,67
Ústie nad Priehradou,028 01,72
Úsvit,059 11,47
Utekáč,985 06,46
Uzovce,082 66,56
Uzovská Panica,980 22,53
Uzovské Pekľany,082 63,56
Uzovský Šalgov,082 61,56
Vaďovce,916 13,41
Vagrinec,090 03,65
Váhovce,925 62,16
Vajka nad Žitavou,951 88,40
Vajkovce,044 43,27
Vajsková,976 98,10
Valaliky,044 13,27
Valaská,976 46,10
Valaská Belá,972 28,50
Valaská Dubová,034 96,55
Valaškovce,066 01,19
Valča,038 35,35
Valentová,038 43,35
Valentová,976 02,2
Valentovce,067 01,36
Valice,982 52,53
Valkovce,090 42,65
Vaľkovňa,976 69,10
Vaľkovo,985 03,46
Vaniškovce,086 41,4
Vaňovka,029 52,39
Vápeník,090 02,65
Varadka,086 36,4
Varechovce,090 23,64
Varhaňovce,082 05,49
Varín,013 03,79
Varov Šúr,919 25,70
Vasiľov,029 51,39
Vavrečka,029 01,39
Vavrinec,094 31,74
Vavrišovo,032 42,32
Važec,032 61,32
Včeláre,044 02,27
Včelince,980 50,53
Včelinec,979 01,53
Véč,076 35,68
Večelkov,980 34,53
Vechec,094 12,74
Vék,947 01,22
Veľaty,076 15,68
Velčice,913 04,69
Velčice,951 71,75
Veličná,027 54,14
Veľká,058 01,47
Veľká Bara,076 32,68
Veľká Budafa,930 34,15
Veľká Bytča,014 01,11
Veľká Čalomija,991 09,73
Veľká Čausa,971 01,50
Veľká Čierna,015 01,79
Veľká Dolina,951 15,40
Veľká Dolina,985 53,33
Veľká Franková,059 78,21
Veľká Gúta,946 03,22
Veľká Hradná,913 24,69
Veľká Ida,044 55,27
Veľká Lehota,966 41,77
Veľká Lehota,972 42,50
Veľká Lesná,065 34,63
Veľká Lodina,044 81,27
Veľká Lomnica,059 52,21
Veľká Lúč,930 03,15
Veľká Lúka,962 31,76
Veľká Mača,925 32,16
Veľká Maňa,941 45,42
Veľká nad Ipľom,985 32,33
Veľká Paka,930 51,15
Veľká Suchá,980 13,46
Veľká Tŕňa,076 82,68
Veľká Ves,951 13,40
Veľká Ves,985 01,46
Veľká Ves nad Ipľom,991 10,73
Veľké Bedzany,955 01,67
Veľké Bielice,958 04,43
Veľké Bierovce,913 11,69
Veľké Blahovo,930 01,15
Veľké Borové,027 32,32
Veľké Dálovce,985 32,33
Veľké Dravce,985 42,33
Veľké Držkovce,956 54,1
Veľké Dvorany,956 01,67
Veľké Dvorníky,929 01,15
Veľké Hoste,956 38,1
Veľké Chlievany,956 55,1
Veľké Chyndice,951 54,40
Veľké Kapušany,079 01,37
Veľké Kosihy,946 21,22
Veľké Kostoľany,922 07,45
Veľké Košecké Podhradie,018 31,20
Veľké Kozmálovce,935 21,30
Veľké Krškany,934 01,30
Veľké Kršteňany,958 03,43
Veľké Leváre,908 73,34
Veľké Lovce,941 42,42
Veľké Ludince,935 65,30
Veľké Orvište,922 01,45
Veľké Ostratice,956 34,43
Veľké Ozorovce,078 01,68
Veľké Pole,966 74,77
Veľké Raškovce,076 75,37
Veľké Revištia,072 43,61
Veľké Ripňany,956 07,67
Veľké Rovné,013 62,11
Veľké Slemence,076 77,37
Veľké Stankovce,913 11,69
Veľké Straciny,990 01,73
Veľké Teriakovce,980 51,53
Veľké Trakany,076 42,68
Veľké Turovce,935 81,30
Veľké Uherce,958 41,43
Veľké Úľany,925 22,16
Veľké Vozokany,951 82,75
Veľké Zalužice,072 34,37
Veľké Zálužie,951 35,40
Veľké Zlievce,991 23,73
Veľkrop,091 01,64
Veľký Báb,951 34,40
Veľký Biel,900 24,57
Veľký Blh,980 22,53
Veľký Bysterec,026 01,14
Veľký Cetín,951 05,40
Veľký Čepčín,038 45,71
Veľký Ďur,935 34,30
Veľký Dvor,937 01,30
Veľký Folkmar,055 51,17
Veľký Grob,925 27,16
Veľký Harčáš,945 01,22
Veľký Horeš,076 52,68
Veľký Kamenec,076 36,68
Veľký Klíž,958 45,43
Veľký Kolačín,018 51,20
Veľký Krtíš,990 01,73
Veľký Kýr,941 07,42
Veľký Lapáš,951 04,40
Veľký Lég,930 37,15
Veľký Lél,946 12,22
Veľký Lipník,065 33,63
Veľký Lom,991 03,73
Veľký Meder,932 01,15
Veľký Ostrov,946 03,22
Veľký Pesek,937 01,30
Veľký Ruskov,075 01,68
Veľký Slavkov,059 91,47
Veľký Slivník,082 67,49
Veľký Šariš,082 21,49
Veľopolie,067 31,19
Velušovce,955 01,67
Vernár,059 17,47
Veselá,935 52,30
Veselé,922 08,45
Veterná Poruba,031 04,32
Vidiná,985 59,33
Vidov Vrch,962 63,76
Vidová,049 11,54
Vidovany,908 62,59
Vieska,908 63,59
Vieska,916 26,41
Vieska,930 02,15
Vieska,965 01,78
Vieska,972 45,50
Vieska,991 02,73
Vieska - Bezdedov,020 01,51
Vieska nad Blhom,980 21,53
Vieska nad Žitavou,951 52,75
Vígľaš,962 02,13
Vígľašská Huta,962 25,13
Vikartovce,059 19,47
Vinica,991 28,73
Vinice,979 01,53
Viničky,076 31,68
Viničné,900 23,44
Vinné,072 31,37
Vinodol,951 06,40
Vinohrádok,901 01,34
Vinohrady nad Váhom,925 55,16
Vinosady,902 01,44
Violín,946 02,22
Virt,946 38,22
Vislanka,065 41,63
Vislava,090 21,64
Visolaje,018 61,51
Višňov,076 61,68
Višňové,013 23,79
Višňové,013 55,11
Višňové,916 16,41
Višňové,982 62,52
Vištuk,900 85,44
Vitálišovce,031 04,32
Vitanová,027 12,72
Víťaz,082 38,49
Víťazovce,067 24,19
Vítkovce,053 63,62
Vlača,094 31,74
Vladiča,090 23,64
Vlachovo,049 24,54
Vlachy,032 13,32
Vlašky,032 13,32
Vlčany,925 84,66
Vlčí Vrch,913 33,69
Vlčkovany,908 62,59
Vlčkovce,919 23,70
Vlčkovo,957 03,1
Vlčovo,985 26,46
Vlkanová,976 31,2
Vlkanovo,946 54,22
Vlkas,941 44,42
Vlkolínec,034 03,55
Vlkov,018 03,48
Vlková,059 72,21
Vlkovce,059 71,21
Vlky,900 44,57
Vlkyňa,980 44,53
Voderady,919 42,70
Vojany,076 72,37
Vojčice,076 22,68
Vojka,076 83,68
Vojka nad Dunajom,930 31,15
Vojkovce,053 61,62
Vojňany,059 02,21
Vojnatina,072 61,61
Vojtechovce,930 38,15
Vojtovce,091 01,64
Vojty,022 01,12
Voľa,072 21,37
Volica,067 01,36
Volkovce,951 87,75
Voznica,966 81,77
Vozokany,925 05,16
Vozokany,956 05,67
Vozokany nad Hronom,935 61,30
Vráble,952 01,40
Vrádište,908 49,59
Vrakúň,930 25,15
Vranie,010 14,79
Vranov,093 01,74
Vranov nad Topľou,,74
Vrbany,972 24,50
Vrbina,930 08,15
Vrbnica,072 16,37
Vrbov,059 72,21
Vrbová nad Váhom,945 01,22
Vrbovce,906 06,38
Vrbovce nad Rimavou,980 52,53
Vrbové,922 03,45
Vŕbovec,071 01,37
Vrbovka,991 06,73
Vrchdobroč,962 05,13
Vrchpredmier,023 22,12
Vrchrieka,023 55,12
Vrchslatina,976 53,10
Vrchteplá,017 05,48
Vrícko,038 31,35
Vršatské Podhradie,018 52,20
Vrtižer,017 05,48
Vrútky,038 61,35
Všechsvätých,044 13,27
Vtáčkovce,044 47,27
Výborná,059 02,21
Vybúchanec,071 01,37
Výčapky,951 25,40
Výčapy - Opatovce,951 44,40
Vydraň,068 01,36
Vydrany,930 16,15
Vydrná,020 53,51
Vydrník,059 14,47
Vydrovo,976 52,10
Vydumanec,080 01,49
Vyhne,966 02,78
Východná,032 32,32
Vychylovka,023 05,12
Výrava,067 16,36
Vysielač,080 01,49
Vysocký Dvor,072 14,37
Vysočany,956 35,1
Vysoká,082 74,56
Vysoká,969 01,3
Vysoká nad Kysucou,023 55,12
Vysoká nad Uhom,072 14,37
Vysoká pri Morave,900 66,34
Vysoké Tatry,062 01,47
Vyšehradné,972 13,50
Vyškovce,090 21,64
Vyškovce nad Ipľom,935 77,30
Vyšná Boca,032 34,32
Vyšná Hutka,040 18,27
Vyšná Jablonka,067 34,19
Vyšná Jedľová,089 01,65
Vyšná Kaloša,982 52,53
Vyšná Kamenica,044 45,27
Vyšná Korňa,023 21,12
Vyšná Myšľa,044 15,27
Vyšná Olšava,090 32,64
Vyšná Pisaná,090 01,65
Vyšná Pokoradz,979 01,53
Vyšná Polianka,086 36,4
Vyšná Revúca,034 74,55
Vyšná Rybnica,072 41,61
Vyšná Sitnica,094 07,19
Vyšná Slaná,049 26,54
Vyšná Šebastová,080 06,49
Vyšná Vladiča,090 23,64
Vyšná Voľa,086 21,4
Vyšné Hágy,059 84,47
Vyšné Ladičkovce,067 11,19
Vyšné Matiašovce,032 23,32
Vyšné nad Hronom,935 31,30
Vyšné Nemecké,072 51,61
Vyšné Raslavice,086 41,4
Vyšné Remety,072 41,61
Vyšné Repaše,053 71,31
Vyšné Revištia,072 43,61
Vyšné Ružbachy,065 02,63
Vyšné Valice,982 52,53
Vyšný Čaj,044 16,27
Vyšný Hrabovec,090 34,64
Vyšný Hrušov,067 32,19
Vyšný Kazimír,094 09,74
Vyšný Kelčov,023 55,12
Vyšný Klátov,044 12,27
Vyšný Komárnik,090 05,65
Vyšný Koniec,023 54,12
Vyšný Kručov,086 45,4
Vyšný Kubín,026 01,14
Vyšný Lánec,044 74,27
Vyšný Medzev,044 25,27
Vyšný Mirošov,090 11,65
Vyšný Orlík,090 11,65
Vyšný Skálnik,980 52,53
Vyšný Slavkov,053 73,31
Vyšný Sliač,034 84,55
Vyšný Tvarožec,086 02,4
Vyšný Žipov,094 33,74
Zábiedovo,028 01,72
Záblatie,911 06,69
Záborie,038 03,35
Záborské,082 53,49
Zábrež,027 54,14
Zabudišová,913 07,41
Zádiel,032 23,32
Zádiel,044 02,27
Zadné Halny,977 01,10
Zádor,980 42,53
Zádubnie,010 03,79
Zahájnica,053 33,17
Záhor,072 53,61
Záhorce,991 06,73
Záhorčie,966 81,77
Záhorie,901 01,34
Záhorská Ves,900 65,34
Záhrada,955 01,67
Záhradné,082 16,49
Záhrb,968 01,77
Zacharovce,979 01,53
Zaježová,962 63,76
Zákamenné,029 56,39
Zákopčie,023 11,12
Zákysučie,023 02,12
Zalaba,937 01,30
Zálesie,059 04,21
Zálesie,900 28,57
Zalužice,072 34,37
Zamarovce,911 05,69
Zámostie,976 97,10
Zámutov,094 15,74
Zapriechody,962 12,13
Zárieč - Keblov,013 32,79
Záriečie,020 52,51
Záskalie,017 05,48
Záskalie,026 01,14
Zástranie,010 03,79
Zatín,076 53,68
Zátoka,023 55,12
Záturčie,036 01,35
Závada,054 01,31
Závada,094 08,19
Závada,951 87,75
Závada,955 01,67
Závada,991 21,73
Závada pod Čiernym vrchom,956 41,1
Závadka,053 33,17
Závadka,066 01,19
Závadka,072 33,37
Závadka,082 67,49
Závadka nad Hronom,976 67,10
Zavar,919 26,70
Závažná Poruba,032 02,32
Závod,908 72,34
Závodie,010 04,79
Závodie,023 54,12
Závodie,065 46,63
Zázrivá,027 05,14
Zbehňov,078 01,68
Zbehy,916 16,38
Zbehy,951 42,40
Zboj,067 68,60
Zbojné,067 13,36
Zbora,020 51,51
Zborov,086 33,4
Zborov nad Bystricou,023 03,12
Zbrojníky,935 55,30
Zbudská Belá,067 01,36
Zbudské Dlhé,067 12,19
Zbudza,072 23,37
Zbyňov,013 19,79
Zdoba,044 41,27
Zelené,987 01,46
Zeleneč,919 21,70
Zelený Háj,947 01,22
Zemianska Dedina,027 43,72
Zemianska Olča,946 14,22
Zemianska Závada,018 15,48
Zemianske Kostoľany,972 43,50
Zemianske Lieskové,913 05,69
Zemianske Mitice,913 22,69
Zemianske Podhradie,913 07,41
Zemianske Sady,925 54,16
Zemiansky Kvašov,017 07,48
Zemiansky Vrbovok,962 41,28
Zemné,941 22,42
Zemplín,076 34,68
Zemplínska Nová Ves,076 16,68
Zemplínska Šírava,072 36,37
Zemplínska Široká,072 13,37
Zemplínska Teplica,076 64,68
Zemplínske Hámre,067 77,60
Zemplínske Hradište,076 01,68
Zemplínske Jastrabie,076 05,68
Zemplínske Kopčany,072 17,37
Zemplínsky Branč,076 02,68
Zemplínsky Klečenov,076 16,68
Zimná Studňa,082 12,49
Zlámaná,023 55,12
Zlatá Baňa,082 52,49
Zlatá Idka,044 61,27
Zlatá Osada,945 01,22
Zlaté,086 01,4
Zlaté Klasy,930 39,15
Zlaté Moravce,,75
Zlatná na Ostrove,946 12,22
Zlatník,094 33,74
Zlatníky,956 37,1
Zlatno,951 91,75
Zlatno,976 69,10
Zlatno,985 03,46
Zlatovce,911 05,69
Zliechov,018 32,20
Zobor,949 01,40
Zohor,900 51,34
Zolná,962 21,76
Zombor,991 22,73
Zubák,020 64,51
Zuberec,027 32,72
Zubné,067 33,19
Zubria,985 51,13
Zubrohlava,029 43,39
Zvolen,,76
Zvolenská Slatina,962 01,76
Zvončín,919 01,70
Žabany,071 01,37
Žabica,962 05,13
Žabokreky,038 40,35
Žabokreky nad Nitrou,958 52,43
Žadovica,916 16,38
Žakarovce,055 71,17
Žakovce,059 73,21
Žakýl,969 82,3
Žalobín,094 03,74
Žarnov,013 62,11
Žarnov,044 02,27
Žarnovica,966 81,77
Žarnovická Huta,966 81,77
Žaškov,027 21,14
Žatkovce,082 67,49
Žbince,072 16,37
Ždaňa,044 11,27
Ždiar,059 55,47
Žehňa,082 06,49
Žehra,053 61,62
Železná Breznica,962 34,76
Železník,049 64,52
Železník,087 01,65
Železnô,032 15,32
Želiezovce,937 01,30
Želmanovce,086 44,65
Želobudza,962 12,13
Želovce,991 06,73
Žemberovce,935 02,30
Žemliare,935 57,30
Žiar,032 05,32
Žiar,982 01,52
Žiar nad Hronom,965 01,78
Žibritov,963 01,28
Žihárec,925 83,66
Žihľava,985 45,46
Žihľava,991 03,73
Žikava,951 92,75
Žilina,,79
Žilinská Lehota,010 01,79
Žíp,980 21,53
Žipov,082 41,49
Žirany,951 74,40
Žírovce,044 45,27
Žitava,946 38,22
Žitavany,951 97,75
Žitavce,952 01,40
Žitná,956 41,1
Žitná - Radiša,956 41,1
Žlkovce,920 42,18
Žrnové,018 03,48
Župčany,080 01,49
Župkov,966 71,77
